participantcode,top,uppermiddle,lowermiddle,bottom,top_terrible,top_verypoor,top_poor,top_good,top_verygood,top_exceptional,um_terrible,um_verypoor,um_poor,um_good,um_verygood,um_exceptional,lm_terrible,lm_verypoor,lm_poor,lm_good,lm_verygood,lm_exceptional,b_terrible,b_verypoor,b_poor,b_good,b_verygood,b_exceptional,reactive_mentoring,treat
009mq1n2,exceptional,very good,very poor,terrible,.,.,.,.,.,.,.,.,.,.,.,.,.,.,.,.,.,.,.,.,.,.,.,.,0,t124
00dd9squ,very good,very good,good,very poor,.,.,.,.,.,.,.,.,.,.,.,.,.,.,.,.,.,.,.,.,.,.,.,.,0,t124
00jdw0sg,.,.,.,.,exceptional,exceptional,exceptional,exceptional,exceptional,exceptional,very good,very good,very good,very good,very good,very good,good,good,good,good,good,good,very poor,poor,poor,very poor,poor,poor,1,t3
04m87373,exceptional,very good,poor,terrible,.,.,.,.,.,.,.,.,.,.,.,.,.,.,.,.,.,.,.,.,.,.,.,.,0,t124
0764qt3w,.,.,.,.,very good,exceptional,very good,very good,exceptional,exceptional,very good,poor,poor,good,very good,good,very poor,poor,poor,poor,good,good,terrible,terrible,terrible,terrible,very poor,very poor,1,t3
0bkg52ve,.,.,.,.,exceptional,exceptional,exceptional,exceptional,exceptional,exceptional,very good,very good,very good,very good,very good,very good,terrible,very poor,poor,poor,poor,poor,terrible,terrible,terrible,terrible,terrible,terrible,1,t3
0c7ohlhm,.,.,.,.,exceptional,very good,very good,very good,exceptional,exceptional,good,very good,very good,very good,good,good,poor,very poor,poor,good,poor,poor,very poor,very poor,very poor,very poor,poor,very poor,1,t3
0g8cbmqp,good,good,good,good,.,.,.,.,.,.,.,.,.,.,.,.,.,.,.,.,.,.,.,.,.,.,.,.,0,t124
0lkapttv,.,.,.,.,exceptional,exceptional,very good,exceptional,exceptional,exceptional,terrible,very good,good,very good,very good,very good,very poor,poor,poor,poor,good,good,terrible,poor,very poor,poor,exceptional,very poor,1,t3
0mncovqp,very good,very good,very good,good,.,.,.,.,.,.,.,.,.,.,.,.,.,.,.,.,.,.,.,.,.,.,.,.,0,t124
0n0nn9lv,.,.,.,.,very good,exceptional,very good,very good,very good,exceptional,very good,very good,good,good,very good,very good,good,very good,good,good,poor,good,poor,poor,poor,poor,poor,poor,1,t3
0ngmqt8y,very good,good,poor,very poor,.,.,.,.,.,.,.,.,.,.,.,.,.,.,.,.,.,.,.,.,.,.,.,.,0,t124
0s403zqq,.,.,.,.,good,very good,very good,very good,very good,very good,good,good,good,good,good,good,poor,poor,poor,poor,poor,poor,very poor,very poor,poor,poor,poor,poor,1,t3
0vnxige5,.,.,.,.,.,.,.,.,.,.,.,.,.,.,.,.,.,.,.,.,.,.,.,.,.,.,.,.,1,t3
103ha6g1,.,.,.,.,good,very good,good,very good,exceptional,exceptional,poor,good,very poor,very good,very good,very good,terrible,very poor,poor,good,good,exceptional,terrible,terrible,very poor,poor,poor,exceptional,1,t3
17m4l115,exceptional,very good,poor,terrible,.,.,.,.,.,.,.,.,.,.,.,.,.,.,.,.,.,.,.,.,.,.,.,.,0,t124
19hnpajh,very good,good,poor,very poor,.,.,.,.,.,.,.,.,.,.,.,.,.,.,.,.,.,.,.,.,.,.,.,.,0,t124
1d9fv0x9,.,.,.,.,exceptional,exceptional,exceptional,very good,exceptional,exceptional,very poor,very good,very good,very good,very good,very good,very poor,very good,very poor,poor,good,very poor,terrible,terrible,terrible,terrible,terrible,terrible,1,t3
1e2l25h1,.,.,.,.,terrible,very poor,poor,good,very good,exceptional,terrible,very poor,poor,good,very good,exceptional,terrible,very poor,poor,good,very good,exceptional,terrible,very poor,poor,good,very good,exceptional,1,t3
1fr5hy7z,good,very good,good,good,.,.,.,.,.,.,.,.,.,.,.,.,.,.,.,.,.,.,.,.,.,.,.,.,0,t124
1gaui8vi,.,.,.,.,poor,good,very good,very good,very good,exceptional,good,good,good,good,very good,very good,poor,poor,poor,good,good,good,very poor,poor,poor,poor,good,good,1,t3
1hfx33fz,.,.,.,.,very good,very good,exceptional,exceptional,exceptional,exceptional,good,very good,very good,very good,very good,exceptional,poor,poor,good,good,good,good,poor,poor,poor,good,good,good,1,t3
1lt61fcf,.,.,.,.,good,very good,very good,very good,very good,exceptional,good,very good,very good,very good,very good,very good,poor,poor,poor,good,good,good,very poor,very poor,poor,poor,good,good,1,t3
1ntck5dv,exceptional,very good,good,poor,.,.,.,.,.,.,.,.,.,.,.,.,.,.,.,.,.,.,.,.,.,.,.,.,0,t124
1y1zrb04,.,.,.,.,very poor,.,good,very good,exceptional,exceptional,good,good,good,good,good,very good,very poor,poor,poor,good,poor,very good,terrible,poor,very poor,terrible,good,poor,1,t3
20e7myoe,exceptional,very good,poor,terrible,.,.,.,.,.,.,.,.,.,.,.,.,.,.,.,.,.,.,.,.,.,.,.,.,0,t124
296d975w,very good,good,good,very poor,.,.,.,.,.,.,.,.,.,.,.,.,.,.,.,.,.,.,.,.,.,.,.,.,0,t124
2e1rup60,.,.,.,.,exceptional,exceptional,exceptional,exceptional,exceptional,exceptional,very good,very good,very good,good,very good,very good,very good,good,very good,good,good,good,good,good,good,good,good,good,1,t3
2gpmv9ki,exceptional,very good,poor,terrible,.,.,.,.,.,.,.,.,.,.,.,.,.,.,.,.,.,.,.,.,.,.,.,.,0,t124
2ime4pd0,.,.,.,.,poor,terrible,poor,good,very good,very good,poor,very poor,very poor,good,very good,exceptional,very poor,terrible,very poor,good,very good,very good,terrible,very poor,very poor,good,very good,very good,1,t3
2lc87r4h,.,.,.,.,very good,good,very good,exceptional,exceptional,exceptional,good,good,good,very good,very good,very good,good,good,good,good,good,good,poor,poor,poor,poor,very good,poor,1,t3
2m9v6rqb,very good,good,poor,very poor,.,.,.,.,.,.,.,.,.,.,.,.,.,.,.,.,.,.,.,.,.,.,.,.,0,t124
2p5se8ig,.,.,.,.,very good,exceptional,exceptional,very good,very good,exceptional,very good,very good,good,very good,very good,very good,poor,very good,very good,very good,good,good,good,poor,poor,poor,poor,poor,1,t3
2vxmsjz3,poor,very good,poor,very good,.,.,.,.,.,.,.,.,.,.,.,.,.,.,.,.,.,.,.,.,.,.,.,.,0,t124
2xs3wedz,.,.,.,.,very good,good,good,exceptional,exceptional,exceptional,poor,terrible,.,poor,poor,good,poor,poor,good,poor,poor,good,terrible,terrible,very poor,poor,very poor,poor,1,t3
2y3s256n,exceptional,very good,good,terrible,.,.,.,.,.,.,.,.,.,.,.,.,.,.,.,.,.,.,.,.,.,.,.,.,0,t124
34rl7x14,.,.,.,.,very good,very good,very good,very good,very good,very good,good,good,good,good,good,good,very poor,very poor,poor,poor,poor,poor,very poor,very poor,very poor,very poor,very poor,very poor,1,t3
3h519j82,exceptional,good,poor,very poor,.,.,.,.,.,.,.,.,.,.,.,.,.,.,.,.,.,.,.,.,.,.,.,.,0,t124
3hwzs4q5,.,.,.,.,good,very good,very good,very good,very good,very good,poor,good,good,good,good,very good,very poor,poor,poor,poor,poor,good,poor,very poor,poor,poor,poor,poor,1,t3
3lpctrqi,.,.,.,.,poor,very poor,good,very good,very good,exceptional,very poor,very poor,poor,good,good,very good,terrible,very poor,poor,good,good,very good,terrible,very poor,very poor,poor,good,good,1,t3
3nhhslb0,exceptional,very good,poor,poor,.,.,.,.,.,.,.,.,.,.,.,.,.,.,.,.,.,.,.,.,.,.,.,.,0,t124
3o7fzgeb,.,.,.,.,terrible,very poor,poor,good,very good,exceptional,terrible,very poor,poor,good,very good,exceptional,terrible,very poor,poor,good,very good,exceptional,terrible,very poor,poor,good,very good,exceptional,1,t3
3pudf535,.,.,.,.,exceptional,exceptional,very good,exceptional,exceptional,exceptional,very poor,poor,good,very good,good,exceptional,poor,poor,poor,poor,poor,very good,terrible,poor,very poor,good,poor,very good,1,t3
40gn20fl,.,.,.,.,exceptional,exceptional,exceptional,exceptional,exceptional,exceptional,very good,good,very good,very good,very good,very good,poor,poor,good,good,good,good,poor,poor,poor,poor,good,good,1,t3
4nvqrids,.,.,.,.,exceptional,good,exceptional,exceptional,exceptional,exceptional,good,good,very good,very poor,very good,good,poor,poor,poor,very good,poor,good,terrible,terrible,very poor,terrible,terrible,terrible,1,t3
4qm89yi8,very good,very good,poor,poor,.,.,.,.,.,.,.,.,.,.,.,.,.,.,.,.,.,.,.,.,.,.,.,.,0,t124
50e51o7p,.,.,.,.,good,very good,good,very good,very good,very good,good,good,very good,good,good,good,very poor,poor,poor,poor,poor,poor,very poor,very poor,very poor,very poor,very poor,very poor,1,t3
50tf68eh,very good,good,poor,poor,.,.,.,.,.,.,.,.,.,.,.,.,.,.,.,.,.,.,.,.,.,.,.,.,0,t124
5bzil4ia,poor,good,very poor,terrible,.,.,.,.,.,.,.,.,.,.,.,.,.,.,.,.,.,.,.,.,.,.,.,.,0,t124
5v8ci9vg,.,.,.,.,very good,exceptional,very good,very good,very good,exceptional,good,good,good,good,good,good,poor,poor,poor,poor,poor,poor,very poor,very poor,very poor,very poor,very poor,very poor,1,t3
5wn76w5t,very good,good,poor,very poor,.,.,.,.,.,.,.,.,.,.,.,.,.,.,.,.,.,.,.,.,.,.,.,.,0,t124
61vzaun6,.,.,.,.,poor,good,very poor,poor,good,very good,terrible,good,very poor,poor,good,very good,very poor,terrible,very poor,poor,good,very good,terrible,terrible,very poor,good,good,poor,1,t3
63dgbfqg,exceptional,very good,very poor,terrible,.,.,.,.,.,.,.,.,.,.,.,.,.,.,.,.,.,.,.,.,.,.,.,.,0,t124
6g2fkzjf,.,.,.,.,very poor,poor,poor,very good,very good,very good,very poor,poor,poor,good,very good,very good,poor,poor,poor,good,good,very good,very poor,terrible,poor,good,good,good,1,t3
6iknzy6y,very good,good,poor,terrible,.,.,.,.,.,.,.,.,.,.,.,.,.,.,.,.,.,.,.,.,.,.,.,.,0,t124
6kezbwyp,.,.,.,.,good,very good,very good,good,very good,exceptional,good,good,good,very good,good,good,good,poor,poor,good,good,good,poor,poor,poor,good,poor,good,1,t3
6n8ee9yp,.,.,.,.,very good,exceptional,exceptional,very good,exceptional,very good,very good,very good,very good,very good,very good,very good,poor,good,good,good,good,good,poor,very poor,poor,poor,poor,poor,1,t3
6nc1hi3c,exceptional,very good,poor,very poor,.,.,.,.,.,.,.,.,.,.,.,.,.,.,.,.,.,.,.,.,.,.,.,.,0,t124
6nsfa51u,.,.,.,.,very good,very good,very good,very good,exceptional,very good,good,good,good,good,very good,good,poor,poor,poor,poor,poor,poor,terrible,very poor,very poor,very poor,very poor,very poor,1,t3
6nuustcs,.,.,.,.,exceptional,poor,poor,very good,exceptional,very good,poor,poor,poor,good,good,very good,terrible,poor,poor,good,good,very good,very poor,terrible,poor,good,good,very good,1,t3
6qa4zv5k,.,.,.,.,good,very poor,very good,very good,very good,exceptional,terrible,very poor,poor,very good,very good,very good,very poor,very poor,poor,good,very good,exceptional,terrible,very poor,poor,good,very good,exceptional,1,t3
6r2k9bwp,.,.,.,.,very good,good,good,good,very good,very good,poor,good,good,good,good,good,very poor,very poor,very poor,poor,poor,poor,very poor,terrible,terrible,very poor,terrible,very poor,1,t3
75jmwm5e,.,.,.,.,exceptional,exceptional,exceptional,exceptional,exceptional,exceptional,good,good,very good,very good,very good,very good,poor,poor,poor,poor,poor,poor,terrible,terrible,poor,terrible,very good,terrible,1,t3
7c7fa4jj,.,.,.,.,very good,very good,very good,exceptional,exceptional,exceptional,very good,very good,very good,very good,very good,very good,good,poor,poor,good,poor,poor,terrible,very poor,poor,poor,poor,poor,1,t3
7ih83wu1,exceptional,very good,very poor,terrible,.,.,.,.,.,.,.,.,.,.,.,.,.,.,.,.,.,.,.,.,.,.,.,.,0,t124
7jv2yu1x,.,.,.,.,very good,very good,very good,very good,very good,very good,good,good,good,good,good,good,poor,poor,poor,poor,poor,poor,very poor,very poor,very poor,very poor,very poor,very poor,1,t3
7sk3hr7e,exceptional,very good,very poor,terrible,.,.,.,.,.,.,.,.,.,.,.,.,.,.,.,.,.,.,.,.,.,.,.,.,0,t124
7z8om0cq,.,.,.,.,exceptional,exceptional,exceptional,exceptional,exceptional,exceptional,good,good,good,good,good,very good,poor,very poor,poor,poor,poor,very poor,terrible,very poor,terrible,terrible,very poor,terrible,1,t3
84tnhr7d,.,.,.,.,exceptional,good,exceptional,very good,exceptional,very good,good,exceptional,poor,poor,poor,good,good,very good,exceptional,very good,very good,very good,good,good,good,poor,very poor,good,1,t3
87ffd91g,.,.,.,.,very good,exceptional,exceptional,exceptional,exceptional,exceptional,very good,exceptional,very good,very good,very good,very good,very good,good,good,good,very good,very good,good,good,good,good,very good,good,1,t3
8eiit6as,exceptional,very good,poor,poor,.,.,.,.,.,.,.,.,.,.,.,.,.,.,.,.,.,.,.,.,.,.,.,.,0,t124
8hhe2daf,exceptional,very good,good,poor,.,.,.,.,.,.,.,.,.,.,.,.,.,.,.,.,.,.,.,.,.,.,.,.,0,t124
8lm0bkgd,exceptional,very good,good,poor,.,.,.,.,.,.,.,.,.,.,.,.,.,.,.,.,.,.,.,.,.,.,.,.,0,t124
8mqutxlx,.,.,.,.,exceptional,exceptional,exceptional,exceptional,exceptional,exceptional,very good,very good,very good,very good,very good,very good,good,good,good,good,very good,good,very poor,poor,poor,good,good,very poor,1,t3
8peq31ht,.,.,.,.,good,good,very good,very good,very good,very good,good,good,good,very good,good,good,poor,very poor,poor,poor,poor,good,very poor,very poor,very poor,poor,good,poor,1,t3
8uaj3xua,.,.,.,.,exceptional,good,exceptional,exceptional,exceptional,exceptional,good,exceptional,good,good,good,good,very poor,poor,poor,good,good,exceptional,very poor,poor,poor,good,good,poor,1,t3
8yadp3ov,.,.,.,.,terrible,exceptional,exceptional,exceptional,exceptional,exceptional,very good,very good,very good,good,very good,very good,very poor,poor,poor,poor,poor,very poor,terrible,terrible,poor,terrible,terrible,terrible,1,t3
8zbz8d9m,.,.,.,.,exceptional,exceptional,exceptional,exceptional,exceptional,exceptional,very good,good,very good,good,very good,very good,poor,good,poor,poor,poor,poor,terrible,very poor,very poor,very poor,very poor,very poor,1,t3
9adwdh9h,.,.,.,.,exceptional,exceptional,exceptional,exceptional,exceptional,exceptional,very good,very good,very good,very good,very good,very good,poor,poor,poor,poor,poor,poor,very poor,very poor,very poor,very poor,very poor,very poor,1,t3
9b6iu6r2,exceptional,very good,good,poor,.,.,.,.,.,.,.,.,.,.,.,.,.,.,.,.,.,.,.,.,.,.,.,.,0,t124
9hybsyhy,exceptional,good,very poor,terrible,.,.,.,.,.,.,.,.,.,.,.,.,.,.,.,.,.,.,.,.,.,.,.,.,0,t124
9qxbpi16,.,.,.,.,poor,very poor,exceptional,exceptional,exceptional,exceptional,exceptional,poor,good,exceptional,exceptional,exceptional,very poor,very good,very poor,very good,very good,exceptional,terrible,very poor,exceptional,exceptional,very good,exceptional,1,t3
9ttbmx6x,.,.,.,.,terrible,very poor,poor,good,very good,exceptional,terrible,very poor,poor,good,very good,exceptional,terrible,very poor,poor,good,very good,exceptional,terrible,very poor,poor,good,very good,exceptional,1,t3
ai5afzfp,.,.,.,.,exceptional,exceptional,exceptional,exceptional,exceptional,exceptional,very good,good,very good,good,very good,very good,poor,poor,poor,poor,good,poor,terrible,very poor,poor,very poor,very poor,poor,1,t3
at68ydr9,.,.,.,.,very good,very good,very good,very good,very good,exceptional,very good,good,good,very good,very good,very good,poor,good,poor,good,good,poor,terrible,very poor,very poor,poor,very poor,good,1,t3
attazfo1,.,.,.,.,good,good,good,very good,very good,very good,good,good,good,good,good,good,poor,poor,poor,good,good,good,poor,poor,poor,poor,poor,good,1,t3
aynfe047,.,.,.,.,very good,good,very good,exceptional,exceptional,exceptional,good,poor,very good,good,very good,very good,very poor,poor,good,good,very good,very good,terrible,very poor,very poor,poor,poor,good,1,t3
b05q014g,.,.,.,.,terrible,very poor,poor,good,very good,exceptional,terrible,very poor,poor,good,very good,exceptional,terrible,very poor,poor,good,very good,exceptional,terrible,very poor,poor,good,very good,exceptional,1,t3
b2bsxgtl,.,.,.,.,very good,very good,very good,very good,very good,very good,good,good,good,good,good,good,poor,poor,poor,poor,poor,poor,very poor,very poor,very poor,very poor,very poor,very poor,1,t3
b3780hs4,.,.,.,.,exceptional,exceptional,exceptional,exceptional,exceptional,exceptional,very good,very good,very good,very good,very good,very good,poor,very poor,poor,poor,very poor,poor,terrible,very poor,very poor,very poor,very poor,poor,1,t3
b3xl11vg,very good,very good,poor,terrible,.,.,.,.,.,.,.,.,.,.,.,.,.,.,.,.,.,.,.,.,.,.,.,.,0,t124
b3yzto4r,.,.,.,.,very good,very good,very good,very good,very good,very good,good,good,good,good,good,good,poor,poor,poor,poor,poor,poor,terrible,very poor,very poor,poor,poor,very poor,1,t3
b4k04fh6,.,.,.,.,exceptional,exceptional,exceptional,exceptional,exceptional,exceptional,very good,very good,very good,very good,very good,very good,good,poor,good,good,good,poor,poor,poor,poor,poor,poor,poor,1,t3
b6fait7h,.,.,.,.,good,very good,very good,very good,very good,very good,good,good,good,good,good,good,poor,poor,poor,poor,poor,poor,very poor,very poor,very poor,very poor,very poor,very poor,1,t3
b7l92wgt,very good,good,poor,poor,.,.,.,.,.,.,.,.,.,.,.,.,.,.,.,.,.,.,.,.,.,.,.,.,0,t124
bhhlk5c3,good,good,poor,very poor,.,.,.,.,.,.,.,.,.,.,.,.,.,.,.,.,.,.,.,.,.,.,.,.,0,t124
biel936t,.,.,.,.,exceptional,exceptional,exceptional,exceptional,exceptional,exceptional,very good,very good,good,very good,very good,very good,very poor,poor,poor,poor,very poor,poor,terrible,terrible,terrible,very poor,terrible,terrible,1,t3
bjxz5xdq,exceptional,very good,very good,very good,.,.,.,.,.,.,.,.,.,.,.,.,.,.,.,.,.,.,.,.,.,.,.,.,0,t124
bnhrzjla,.,.,.,.,very good,good,very good,exceptional,very good,exceptional,good,good,very good,good,exceptional,exceptional,good,good,good,very good,very good,very good,good,good,good,very good,good,good,1,t3
bqvkz586,.,.,.,.,exceptional,exceptional,exceptional,very good,exceptional,very good,good,good,very good,good,good,good,poor,poor,poor,very poor,poor,very poor,poor,very poor,very poor,very poor,terrible,terrible,1,t3
bulv1d4z,.,.,.,.,very good,very good,very good,very good,very good,very good,good,good,very good,good,good,very good,poor,poor,poor,poor,poor,poor,poor,poor,poor,poor,poor,poor,1,t3
cg4qk1tq,very good,good,poor,poor,.,.,.,.,.,.,.,.,.,.,.,.,.,.,.,.,.,.,.,.,.,.,.,.,0,t124
cln3ws2f,exceptional,good,poor,terrible,.,.,.,.,.,.,.,.,.,.,.,.,.,.,.,.,.,.,.,.,.,.,.,.,0,t124
clper2me,good,very good,good,good,.,.,.,.,.,.,.,.,.,.,.,.,.,.,.,.,.,.,.,.,.,.,.,.,0,t124
cmmg70sj,exceptional,exceptional,very good,good,.,.,.,.,.,.,.,.,.,.,.,.,.,.,.,.,.,.,.,.,.,.,.,.,0,t124
csasm23f,very good,good,poor,very poor,.,.,.,.,.,.,.,.,.,.,.,.,.,.,.,.,.,.,.,.,.,.,.,.,0,t124
cuqc3b5u,very good,good,poor,poor,.,.,.,.,.,.,.,.,.,.,.,.,.,.,.,.,.,.,.,.,.,.,.,.,0,t124
cuu0vcee,exceptional,very good,poor,terrible,.,.,.,.,.,.,.,.,.,.,.,.,.,.,.,.,.,.,.,.,.,.,.,.,0,t124
cvdu1bhc,very good,very good,poor,terrible,.,.,.,.,.,.,.,.,.,.,.,.,.,.,.,.,.,.,.,.,.,.,.,.,0,t124
cvnejrpg,.,.,.,.,very good,good,poor,exceptional,good,exceptional,terrible,poor,very good,very good,very good,very good,good,exceptional,good,poor,very poor,very poor,very good,good,exceptional,very good,very poor,poor,1,t3
cw5ra8xt,exceptional,good,very poor,terrible,.,.,.,.,.,.,.,.,.,.,.,.,.,.,.,.,.,.,.,.,.,.,.,.,0,t124
d12uu8my,.,.,.,.,poor,good,good,very good,very good,exceptional,poor,very good,good,very good,good,good,poor,good,poor,good,good,good,very poor,poor,good,poor,poor,poor,1,t3
d823ddrs,exceptional,very good,poor,terrible,.,.,.,.,.,.,.,.,.,.,.,.,.,.,.,.,.,.,.,.,.,.,.,.,0,t124
da91qdqe,.,.,.,.,exceptional,exceptional,exceptional,exceptional,exceptional,exceptional,very good,very good,very good,very good,very good,very good,poor,poor,poor,poor,poor,good,terrible,terrible,very poor,very poor,very poor,terrible,1,t3
dc1qnhk8,exceptional,very good,poor,very poor,.,.,.,.,.,.,.,.,.,.,.,.,.,.,.,.,.,.,.,.,.,.,.,.,0,t124
dgovp53i,.,.,.,.,very good,good,good,very good,good,very good,poor,poor,poor,good,good,good,very poor,very poor,good,poor,poor,very good,very poor,very poor,very poor,good,poor,poor,1,t3
dgx1rtav,very good,good,poor,terrible,.,.,.,.,.,.,.,.,.,.,.,.,.,.,.,.,.,.,.,.,.,.,.,.,0,t124
dktsqn8g,.,.,.,.,exceptional,terrible,terrible,very good,exceptional,exceptional,very good,very good,very good,very good,exceptional,very poor,poor,very poor,good,poor,poor,poor,good,terrible,terrible,poor,terrible,terrible,1,t3
dmo0w6z8,.,.,.,.,very good,very good,very good,very good,very good,very good,good,good,very good,very good,very good,very good,good,poor,good,poor,good,good,poor,poor,poor,very poor,poor,poor,1,t3
drd5b5g1,.,.,.,.,terrible,poor,poor,good,very good,exceptional,poor,very poor,poor,good,very good,very good,very poor,very poor,poor,good,good,very good,terrible,very poor,poor,good,good,good,1,t3
ds8pwa4v,very good,good,very good,very good,.,.,.,.,.,.,.,.,.,.,.,.,.,.,.,.,.,.,.,.,.,.,.,.,0,t124
duv1jaxp,.,.,.,.,exceptional,exceptional,exceptional,exceptional,very good,exceptional,very good,very good,very good,very good,good,very good,poor,poor,exceptional,very good,poor,poor,poor,poor,poor,poor,poor,very poor,1,t3
dx58sbvm,.,.,.,.,terrible,very poor,poor,good,very good,exceptional,terrible,very poor,poor,good,very good,exceptional,terrible,very poor,poor,good,very good,exceptional,terrible,terrible,poor,good,terrible,exceptional,1,t3
e1sqta6w,.,.,.,.,very good,very good,exceptional,exceptional,very good,exceptional,good,good,good,good,good,good,poor,poor,poor,poor,poor,poor,very poor,very poor,very poor,very poor,very poor,poor,1,t3
e8ldnku7,.,.,.,.,very good,very good,very good,very good,very good,very good,good,good,good,good,good,good,very poor,poor,very poor,poor,very poor,very poor,terrible,very poor,very poor,very poor,terrible,very poor,1,t3
ecnc5och,.,.,.,.,very good,very good,very good,exceptional,very good,exceptional,good,poor,very good,very good,poor,good,good,good,very poor,poor,good,good,very poor,very poor,very poor,very poor,very poor,very poor,1,t3
ednxlikv,very good,good,poor,terrible,.,.,.,.,.,.,.,.,.,.,.,.,.,.,.,.,.,.,.,.,.,.,.,.,0,t124
edpk08re,.,.,.,.,exceptional,exceptional,exceptional,very good,exceptional,exceptional,very good,poor,very good,very good,very good,very good,very poor,poor,very poor,poor,poor,poor,very poor,very poor,very poor,very poor,very poor,very poor,1,t3
el4baq3b,.,.,.,.,exceptional,exceptional,exceptional,exceptional,exceptional,exceptional,very good,very good,very good,very good,very good,very good,poor,very poor,poor,poor,very poor,poor,terrible,terrible,terrible,terrible,very poor,terrible,1,t3
epnd9aoj,very good,good,good,poor,.,.,.,.,.,.,.,.,.,.,.,.,.,.,.,.,.,.,.,.,.,.,.,.,0,t124
f03oc1vc,very good,very good,good,good,.,.,.,.,.,.,.,.,.,.,.,.,.,.,.,.,.,.,.,.,.,.,.,.,0,t124
fidd4dn4,very good,very good,good,poor,.,.,.,.,.,.,.,.,.,.,.,.,.,.,.,.,.,.,.,.,.,.,.,.,0,t124
g04xdpw0,exceptional,exceptional,exceptional,exceptional,.,.,.,.,.,.,.,.,.,.,.,.,.,.,.,.,.,.,.,.,.,.,.,.,0,t124
g276oq1g,.,.,.,.,poor,very poor,good,good,very good,exceptional,very poor,poor,poor,good,very good,very good,very poor,very poor,poor,good,good,good,terrible,very poor,poor,good,good,good,1,t3
g36xhg5b,.,.,.,.,exceptional,very good,very poor,very good,exceptional,exceptional,good,good,good,good,very good,good,poor,very poor,very poor,poor,poor,very poor,terrible,terrible,very poor,terrible,terrible,very poor,1,t3
g3vxlksl,.,.,.,.,very good,very good,good,exceptional,very good,exceptional,good,good,very good,very good,very good,exceptional,terrible,good,good,good,good,good,good,good,good,good,good,exceptional,1,t3
g8mwk5pc,.,.,.,.,exceptional,exceptional,exceptional,very good,exceptional,exceptional,good,good,good,good,good,good,very poor,very poor,poor,very poor,very poor,poor,terrible,terrible,very poor,terrible,terrible,terrible,1,t3
gkhlzcib,.,.,.,.,very good,very good,very good,exceptional,very good,exceptional,good,good,very good,good,very good,very good,very poor,very poor,poor,poor,poor,poor,terrible,very poor,very poor,very poor,very poor,very poor,1,t3
gl8gwnx2,.,.,.,.,terrible,very poor,poor,good,very good,exceptional,terrible,very poor,poor,good,very good,exceptional,terrible,very poor,poor,good,very good,exceptional,terrible,very poor,poor,good,very good,exceptional,1,t3
h1o1ueda,very good,good,poor,very poor,.,.,.,.,.,.,.,.,.,.,.,.,.,.,.,.,.,.,.,.,.,.,.,.,0,t124
h1ty5jct,.,.,.,.,good,very good,good,very good,exceptional,exceptional,good,good,good,very good,good,very good,poor,poor,poor,poor,good,good,very poor,very poor,very poor,poor,very poor,poor,1,t3
h7h0v5tp,.,.,.,.,very poor,poor,good,very good,good,very good,very poor,poor,good,good,good,very good,terrible,very poor,very poor,good,good,good,terrible,terrible,terrible,good,poor,poor,1,t3
h8kffn97,very good,good,poor,poor,.,.,.,.,.,.,.,.,.,.,.,.,.,.,.,.,.,.,.,.,.,.,.,.,0,t124
hbhi0lvv,very good,good,poor,very poor,.,.,.,.,.,.,.,.,.,.,.,.,.,.,.,.,.,.,.,.,.,.,.,.,0,t124
hne5ljt8,.,.,.,.,good,terrible,very good,very good,very good,exceptional,very poor,good,very poor,very good,very good,very good,terrible,poor,poor,good,very good,exceptional,very poor,very poor,very poor,good,very good,good,1,t3
hnstfbm1,.,.,.,.,good,good,good,very good,very good,exceptional,poor,poor,good,good,very good,very good,very poor,very poor,poor,poor,poor,poor,terrible,very poor,very poor,poor,poor,good,1,t3
hohs0w5s,exceptional,very good,good,poor,.,.,.,.,.,.,.,.,.,.,.,.,.,.,.,.,.,.,.,.,.,.,.,.,0,t124
hr3qv6p4,very good,good,poor,very poor,.,.,.,.,.,.,.,.,.,.,.,.,.,.,.,.,.,.,.,.,.,.,.,.,0,t124
ht1ocp7u,.,.,.,.,very good,very good,very good,very good,exceptional,exceptional,good,good,good,good,very good,very good,good,poor,poor,good,good,good,terrible,very poor,poor,poor,poor,terrible,1,t3
hv074f8w,very good,good,poor,very poor,.,.,.,.,.,.,.,.,.,.,.,.,.,.,.,.,.,.,.,.,.,.,.,.,0,t124
iac8cqea,very good,good,poor,terrible,.,.,.,.,.,.,.,.,.,.,.,.,.,.,.,.,.,.,.,.,.,.,.,.,0,t124
igtz66dr,.,.,.,.,.,.,.,.,.,.,.,.,.,.,.,.,.,.,.,.,.,.,.,.,.,.,.,.,0,t124
iq0zrt5v,very good,good,poor,very poor,.,.,.,.,.,.,.,.,.,.,.,.,.,.,.,.,.,.,.,.,.,.,.,.,0,t124
j21jcv28,.,.,.,.,very good,very good,good,good,exceptional,exceptional,good,very good,very good,good,good,good,poor,poor,poor,poor,very poor,poor,terrible,terrible,very poor,very poor,very poor,poor,1,t3
j28w5b7j,very good,good,good,poor,.,.,.,.,.,.,.,.,.,.,.,.,.,.,.,.,.,.,.,.,.,.,.,.,0,t124
j2sufx72,exceptional,good,very poor,terrible,.,.,.,.,.,.,.,.,.,.,.,.,.,.,.,.,.,.,.,.,.,.,.,.,0,t124
jee49rck,exceptional,very good,poor,very poor,.,.,.,.,.,.,.,.,.,.,.,.,.,.,.,.,.,.,.,.,.,.,.,.,0,t124
jkpnbuys,.,.,.,.,very poor,poor,good,very good,exceptional,exceptional,very poor,poor,good,very good,very good,exceptional,terrible,very poor,poor,poor,very good,good,very poor,terrible,very poor,poor,good,exceptional,1,t3
jq2jl9p3,exceptional,very good,poor,very poor,.,.,.,.,.,.,.,.,.,.,.,.,.,.,.,.,.,.,.,.,.,.,.,.,0,t124
jxcoql26,.,.,.,.,very good,very good,very good,very good,very good,exceptional,very good,good,very good,good,good,good,very poor,very poor,poor,very poor,poor,very poor,terrible,terrible,terrible,terrible,terrible,terrible,1,t3
jzfamwmy,poor,good,exceptional,very good,.,.,.,.,.,.,.,.,.,.,.,.,.,.,.,.,.,.,.,.,.,.,.,.,0,t124
k0txq1q5,exceptional,very good,poor,terrible,.,.,.,.,.,.,.,.,.,.,.,.,.,.,.,.,.,.,.,.,.,.,.,.,0,t124
k2dhkovf,very good,good,poor,poor,.,.,.,.,.,.,.,.,.,.,.,.,.,.,.,.,.,.,.,.,.,.,.,.,0,t124
k49sr6vc,.,.,.,.,exceptional,exceptional,very good,exceptional,exceptional,exceptional,poor,very good,very good,very good,very good,good,poor,very poor,very poor,good,poor,poor,poor,terrible,very poor,very poor,very poor,poor,1,t3
kf2h77r1,.,.,.,.,good,very poor,good,very good,very good,exceptional,good,poor,good,good,very good,good,poor,poor,poor,good,poor,good,terrible,very poor,poor,poor,poor,good,1,t3
knd3d1jo,exceptional,very good,good,good,.,.,.,.,.,.,.,.,.,.,.,.,.,.,.,.,.,.,.,.,.,.,.,.,0,t124
kno0v5s9,.,.,.,.,.,.,.,.,.,.,.,.,.,.,.,.,.,exceptional,.,.,.,.,.,.,.,.,.,.,1,t3
ksivcfzt,.,.,.,.,exceptional,exceptional,exceptional,exceptional,exceptional,exceptional,very good,very good,very good,very good,very good,very good,good,good,good,good,good,good,very poor,very poor,very poor,terrible,very poor,terrible,1,t3
kzpu4in2,very good,good,good,poor,.,.,.,.,.,.,.,.,.,.,.,.,.,.,.,.,.,.,.,.,.,.,.,.,0,t124
lfs5rfhd,.,.,.,.,very good,good,very good,very good,very good,very good,good,poor,good,good,good,good,very poor,poor,poor,poor,poor,poor,very poor,very poor,very poor,terrible,very poor,terrible,1,t3
lgx8lel1,.,.,.,.,poor,good,good,very good,very good,very good,poor,very poor,poor,good,good,good,very poor,very poor,poor,good,good,good,terrible,very poor,very poor,poor,good,good,1,t3
lh87tf24,.,.,.,.,exceptional,exceptional,exceptional,exceptional,exceptional,exceptional,very good,very good,very good,very good,very good,very good,poor,good,good,good,good,good,very poor,very poor,very poor,very poor,very poor,very poor,1,t3
lj8d3j9n,very good,good,poor,terrible,.,.,.,.,.,.,.,.,.,.,.,.,.,.,.,.,.,.,.,.,.,.,.,.,0,t124
ljd5acey,exceptional,very good,good,poor,.,.,.,.,.,.,.,.,.,.,.,.,.,.,.,.,.,.,.,.,.,.,.,.,0,t124
lrnkrjnu,.,.,.,.,terrible,very poor,poor,good,very good,exceptional,terrible,very poor,poor,good,very good,very good,terrible,very poor,poor,good,very good,poor,terrible,very poor,poor,good,very good,exceptional,1,t3
ltpoxc8l,very good,good,poor,very poor,.,.,.,.,.,.,.,.,.,.,.,.,.,.,.,.,.,.,.,.,.,.,.,.,0,t124
maozfvdk,.,.,.,.,very good,very good,very good,very good,exceptional,very good,good,good,very poor,good,good,good,poor,poor,poor,poor,poor,poor,terrible,poor,terrible,very poor,very poor,terrible,1,t3
mc90590l,exceptional,very good,good,poor,.,.,.,.,.,.,.,.,.,.,.,.,.,.,.,.,.,.,.,.,.,.,.,.,0,t124
mjgzzarc,.,.,.,.,very good,good,very good,exceptional,exceptional,exceptional,poor,good,good,very good,very good,exceptional,good,poor,good,good,poor,very good,poor,poor,poor,good,good,good,1,t3
mmfts203,.,.,.,.,exceptional,exceptional,exceptional,exceptional,very good,exceptional,very good,very good,very good,very good,very good,very good,good,good,good,good,good,good,very poor,poor,very poor,very poor,very poor,poor,1,t3
musg9kc8,.,.,.,.,good,very good,very good,very good,very good,exceptional,very good,good,good,good,good,good,poor,poor,poor,poor,poor,good,terrible,very poor,very poor,poor,very poor,poor,1,t3
myzr3mk8,.,.,.,.,good,very good,very good,exceptional,very good,exceptional,poor,good,good,good,good,very good,very poor,poor,poor,poor,poor,poor,very poor,very poor,very poor,very poor,very poor,poor,1,t3
mz7jnzcd,.,.,.,.,poor,poor,good,good,good,good,very poor,poor,poor,good,good,good,terrible,very poor,poor,poor,good,poor,terrible,terrible,very poor,good,good,very poor,1,t3
n1kqtstk,.,.,.,.,very good,very poor,very poor,good,exceptional,exceptional,very poor,good,good,good,good,good,very poor,poor,very poor,very good,very good,exceptional,terrible,terrible,very poor,poor,exceptional,very good,1,t3
n2wcpjqj,exceptional,good,poor,terrible,.,.,.,.,.,.,.,.,.,.,.,.,.,.,.,.,.,.,.,.,.,.,.,.,0,t124
nbkuqx6y,.,.,.,.,exceptional,terrible,very good,very good,exceptional,exceptional,very good,very good,very good,very good,very good,very good,good,poor,good,very good,poor,very good,very poor,very poor,poor,very good,good,poor,1,t3
nucxnewk,exceptional,very good,poor,terrible,.,.,.,.,.,.,.,.,.,.,.,.,.,.,.,.,.,.,.,.,.,.,.,.,0,t124
nuni9e0m,very good,good,poor,very poor,.,.,.,.,.,.,.,.,.,.,.,.,.,.,.,.,.,.,.,.,.,.,.,.,0,t124
nxqzor8k,exceptional,exceptional,very good,very good,.,.,.,.,.,.,.,.,.,.,.,.,.,.,.,.,.,.,.,.,.,.,.,.,0,t124
nyrkpzar,very good,good,poor,very poor,.,.,.,.,.,.,.,.,.,.,.,.,.,.,.,.,.,.,.,.,.,.,.,.,0,t124
o121zv44,.,.,.,.,poor,good,good,very good,very good,exceptional,poor,poor,good,good,very good,exceptional,poor,poor,poor,good,very good,exceptional,poor,poor,good,good,very good,very good,1,t3
o3mj9gqa,.,.,.,.,exceptional,very good,good,exceptional,good,exceptional,very good,very good,very good,very good,very good,very good,good,good,good,good,good,good,poor,poor,good,poor,poor,poor,1,t3
o700hwl0,exceptional,very good,very good,.,.,.,.,.,.,.,.,.,.,.,.,.,.,.,.,.,.,.,.,.,.,.,.,.,0,t124
o7cg0ys7,very good,good,poor,poor,.,.,.,.,.,.,.,.,.,.,.,.,.,.,.,.,.,.,.,.,.,.,.,.,0,t124
oer7divl,.,.,.,.,exceptional,exceptional,very good,very good,very good,exceptional,very good,very good,good,good,good,good,very poor,poor,poor,very poor,very poor,very poor,terrible,very poor,very poor,terrible,terrible,terrible,1,t3
ofmr1bg9,exceptional,very good,poor,very poor,.,.,.,.,.,.,.,.,.,.,.,.,.,.,.,.,.,.,.,.,.,.,.,.,0,t124
oj8c4442,exceptional,very good,good,poor,.,.,.,.,.,.,.,.,.,.,.,.,.,.,.,.,.,.,.,.,.,.,.,.,0,t124
okw1z0hc,exceptional,very good,poor,terrible,.,.,.,.,.,.,.,.,.,.,.,.,.,.,.,.,.,.,.,.,.,.,.,.,0,t124
ollwbg8x,very good,good,good,poor,.,.,.,.,.,.,.,.,.,.,.,.,.,.,.,.,.,.,.,.,.,.,.,.,0,t124
ombpegov,.,.,.,.,very good,good,very good,very good,very good,exceptional,good,good,good,very good,good,good,poor,poor,poor,good,good,good,very poor,very poor,poor,poor,poor,very poor,1,t3
oo08dkxk,very good,good,good,poor,.,.,.,.,.,.,.,.,.,.,.,.,.,.,.,.,.,.,.,.,.,.,.,.,0,t124
owv4jg9l,exceptional,very good,poor,poor,.,.,.,.,.,.,.,.,.,.,.,.,.,.,.,.,.,.,.,.,.,.,.,.,0,t124
p1bfkk1j,.,.,.,.,very good,very good,very good,very good,very good,very good,good,good,good,good,good,good,poor,poor,poor,poor,poor,poor,terrible,terrible,terrible,terrible,terrible,terrible,1,t3
p3oz8zsr,exceptional,good,good,very good,.,.,.,.,.,.,.,.,.,.,.,.,.,.,.,.,.,.,.,.,.,.,.,.,0,t124
p5pm5ehg,very good,good,poor,very poor,.,.,.,.,.,.,.,.,.,.,.,.,.,.,.,.,.,.,.,.,.,.,.,.,0,t124
pm0po26n,.,.,.,.,very good,very good,exceptional,exceptional,exceptional,exceptional,good,good,good,very good,very good,very good,very poor,poor,good,good,good,poor,very poor,very poor,very poor,poor,poor,very poor,1,t3
pmalroad,.,.,.,.,terrible,very poor,poor,good,very good,exceptional,terrible,very poor,poor,good,very good,exceptional,terrible,very poor,poor,good,very good,exceptional,terrible,very poor,poor,good,very good,exceptional,1,t3
poexhm7v,exceptional,good,poor,poor,.,.,.,.,.,.,.,.,.,.,.,.,.,.,.,.,.,.,.,.,.,.,.,.,0,t124
ppk2ln3r,.,.,.,.,poor,good,poor,poor,poor,good,poor,poor,terrible,very poor,very poor,poor,very poor,very poor,very poor,very poor,very poor,terrible,very poor,terrible,very poor,very poor,poor,terrible,1,t3
ps434tql,exceptional,very good,good,poor,.,.,.,.,.,.,.,.,.,.,.,.,.,.,.,.,.,.,.,.,.,.,.,.,0,t124
pxdnu4ln,very good,good,poor,very poor,.,.,.,.,.,.,.,.,.,.,.,.,.,.,.,.,.,.,.,.,.,.,.,.,0,t124
py3b822o,very good,very good,very good,very good,.,.,.,.,.,.,.,.,.,.,.,.,.,.,.,.,.,.,.,.,.,.,.,.,0,t124
q4ytauxw,very good,good,poor,very poor,.,.,.,.,.,.,.,.,.,.,.,.,.,.,.,.,.,.,.,.,.,.,.,.,0,t124
q5h4naoe,exceptional,very good,good,good,.,.,.,.,.,.,.,.,.,.,.,.,.,.,.,.,.,.,.,.,.,.,.,.,0,t124
q7sh2ocv,.,.,.,.,very poor,poor,good,very good,very good,very good,very poor,poor,poor,poor,very good,good,very poor,very poor,very poor,poor,poor,poor,terrible,terrible,very poor,terrible,poor,good,1,t3
qb5uh86q,exceptional,very good,good,terrible,.,.,.,.,.,.,.,.,.,.,.,.,.,.,.,.,.,.,.,.,.,.,.,.,0,t124
qj6xfzu9,.,.,.,.,exceptional,poor,good,very good,good,very good,very good,exceptional,good,very good,good,very good,very poor,poor,good,very good,exceptional,very good,poor,good,good,very good,exceptional,very good,1,t3
qmyqlnjs,.,.,.,.,poor,poor,very good,good,good,very good,very poor,good,very poor,good,very good,good,poor,very poor,good,good,poor,good,very poor,very poor,poor,good,good,very good,1,t3
qob93iv8,exceptional,very good,very good,very good,.,.,.,.,.,.,.,.,.,.,.,.,.,.,.,.,.,.,.,.,.,.,.,.,0,t124
qqwq6r5u,good,good,very good,good,.,.,.,.,.,.,.,.,.,.,.,.,.,.,.,.,.,.,.,.,.,.,.,.,0,t124
qtgynwg4,.,.,.,.,exceptional,exceptional,exceptional,exceptional,exceptional,exceptional,very good,very good,very good,good,very good,good,very poor,very poor,very poor,very poor,very poor,very poor,terrible,terrible,very poor,very poor,terrible,terrible,1,t3
qthbxx5f,very good,good,poor,very poor,.,.,.,.,.,.,.,.,.,.,.,.,.,.,.,.,.,.,.,.,.,.,.,.,0,t124
qxsl5tcu,.,.,.,.,poor,good,good,very good,very good,exceptional,very poor,poor,good,good,good,very good,very poor,poor,terrible,poor,good,very good,terrible,very poor,poor,poor,poor,good,1,t3
r35hci0t,exceptional,very good,poor,very poor,.,.,.,.,.,.,.,.,.,.,.,.,.,.,.,.,.,.,.,.,.,.,.,.,0,t124
rch7pmoc,.,.,.,.,exceptional,exceptional,exceptional,exceptional,exceptional,exceptional,very good,very good,very good,very good,very good,very good,good,good,good,good,good,very good,poor,poor,poor,poor,poor,poor,1,t3
rt1830qy,very good,good,poor,very poor,.,.,.,.,.,.,.,.,.,.,.,.,.,.,.,.,.,.,.,.,.,.,.,.,0,t124
rumjko46,very good,good,very poor,very poor,.,.,.,.,.,.,.,.,.,.,.,.,.,.,.,.,.,.,.,.,.,.,.,.,0,t124
rwmyf6c8,.,.,.,.,terrible,very poor,poor,good,very good,exceptional,terrible,very poor,poor,good,very good,exceptional,terrible,very poor,poor,good,very good,exceptional,terrible,very poor,poor,good,very good,exceptional,1,t3
rwy77uzl,very good,good,poor,very poor,.,.,.,.,.,.,.,.,.,.,.,.,.,.,.,.,.,.,.,.,.,.,.,.,0,t124
s0tef78t,.,.,.,.,exceptional,exceptional,exceptional,exceptional,exceptional,exceptional,very good,very good,very good,very good,very good,very good,good,good,good,good,good,good,poor,poor,poor,poor,poor,poor,1,t3
s2fxufq6,.,.,.,.,terrible,terrible,terrible,very good,exceptional,exceptional,good,good,very poor,very good,poor,good,poor,poor,very good,poor,poor,terrible,terrible,very poor,very poor,good,good,terrible,1,t3
s576dp7v,.,.,.,.,very good,very good,very good,good,very good,exceptional,good,good,poor,good,good,good,poor,poor,poor,poor,poor,poor,good,very poor,very poor,poor,very good,very poor,1,t3
s9f72jwj,.,.,.,.,exceptional,exceptional,exceptional,exceptional,exceptional,exceptional,good,good,good,good,very good,very good,very poor,poor,poor,poor,poor,poor,terrible,terrible,very poor,poor,very poor,terrible,1,t3
se1oh1bu,exceptional,very good,very good,terrible,.,.,.,.,.,.,.,.,.,.,.,.,.,.,.,.,.,.,.,.,.,.,.,.,0,t124
sgfhezgr,very good,very good,poor,very poor,.,.,.,.,.,.,.,.,.,.,.,.,.,.,.,.,.,.,.,.,.,.,.,.,0,t124
sh97exw2,.,.,.,.,very good,exceptional,very good,exceptional,exceptional,exceptional,good,very poor,good,good,good,good,poor,poor,poor,poor,poor,poor,very poor,very poor,very poor,terrible,terrible,very poor,1,t3
shdrj8rv,.,.,.,.,poor,very good,good,very good,exceptional,exceptional,good,good,poor,very good,poor,very good,very poor,very poor,very good,good,poor,very good,poor,terrible,very poor,very poor,poor,terrible,1,t3
shwroen6,.,.,.,.,poor,poor,very good,very good,very good,exceptional,very poor,poor,good,good,very good,exceptional,very poor,good,good,very good,poor,exceptional,very poor,poor,poor,very good,very good,exceptional,1,t3
t1xd5h4l,very good,good,poor,very poor,.,.,.,.,.,.,.,.,.,.,.,.,.,.,.,.,.,.,.,.,.,.,.,.,0,t124
t34h7o4o,exceptional,very good,poor,exceptional,.,.,.,.,.,.,.,.,.,.,.,.,.,.,.,.,.,.,.,.,.,.,.,.,0,t124
t4gox3t8,good,very good,good,good,.,.,.,.,.,.,.,.,.,.,.,.,.,.,.,.,.,.,.,.,.,.,.,.,0,t124
t6yiv04a,good,good,good,poor,.,.,.,.,.,.,.,.,.,.,.,.,.,.,.,.,.,.,.,.,.,.,.,.,0,t124
tc9atvpq,.,.,.,.,exceptional,exceptional,exceptional,exceptional,exceptional,exceptional,exceptional,exceptional,exceptional,exceptional,exceptional,exceptional,exceptional,exceptional,exceptional,exceptional,exceptional,exceptional,very good,exceptional,exceptional,exceptional,exceptional,exceptional,1,t3
tjrn8y7l,.,.,.,.,good,good,good,very good,exceptional,exceptional,poor,poor,good,good,good,very good,very poor,very poor,poor,poor,poor,good,terrible,terrible,very poor,very poor,poor,good,1,t3
tk1ofvvn,.,.,.,.,exceptional,exceptional,exceptional,exceptional,exceptional,exceptional,very good,very good,very good,good,very good,very good,good,poor,good,poor,poor,poor,poor,poor,terrible,very poor,very poor,poor,1,t3
tkajmdxg,.,.,.,.,poor,very poor,very good,good,exceptional,very good,very good,good,good,good,good,very good,terrible,good,good,good,good,very good,very poor,very poor,poor,poor,very good,good,1,t3
tlygiie6,.,.,.,.,exceptional,exceptional,exceptional,exceptional,exceptional,exceptional,very good,very good,very good,good,very good,very good,poor,poor,poor,good,good,poor,very poor,very poor,very poor,very poor,very poor,very poor,1,t3
tq9a5jvr,.,.,.,.,very good,exceptional,exceptional,exceptional,exceptional,exceptional,good,good,good,very good,good,exceptional,very poor,poor,poor,poor,good,poor,terrible,very poor,very poor,very poor,poor,very poor,1,t3
tvl9z6rw,.,.,.,.,exceptional,exceptional,exceptional,exceptional,exceptional,exceptional,good,very good,good,good,good,good,poor,very poor,very poor,poor,poor,poor,terrible,terrible,terrible,terrible,terrible,terrible,1,t3
tys30qt6,.,.,.,.,exceptional,exceptional,good,exceptional,exceptional,very good,good,very good,good,good,good,good,poor,poor,poor,poor,poor,poor,very poor,poor,poor,poor,poor,poor,1,t3
tyv6y9hd,very good,good,poor,poor,.,.,.,.,.,.,.,.,.,.,.,.,.,.,.,.,.,.,.,.,.,.,.,.,0,t124
u70twtap,.,.,.,.,very good,very good,good,very good,very good,exceptional,good,very good,good,very good,very good,very good,poor,good,good,good,very good,good,good,good,good,good,good,good,1,t3
uflumvyt,very good,good,poor,poor,.,.,.,.,.,.,.,.,.,.,.,.,.,.,.,.,.,.,.,.,.,.,.,.,0,t124
ug4dcq2b,very good,good,poor,very poor,.,.,.,.,.,.,.,.,.,.,.,.,.,.,.,.,.,.,.,.,.,.,.,.,0,t124
uistkzre,.,.,.,.,very good,exceptional,exceptional,exceptional,exceptional,exceptional,good,very good,very good,very good,very good,very good,terrible,very poor,very poor,poor,poor,poor,terrible,terrible,very poor,terrible,very poor,terrible,1,t3
unf1n6k3,.,.,.,.,exceptional,very poor,exceptional,exceptional,exceptional,exceptional,good,good,good,good,good,good,very poor,very poor,very good,very poor,very poor,very poor,terrible,terrible,exceptional,exceptional,terrible,terrible,1,t3
utugxee1,.,.,.,.,very poor,poor,very good,exceptional,very good,poor,very poor,very poor,poor,very good,very poor,very good,good,very poor,poor,good,very good,very good,good,very poor,good,poor,very good,very poor,1,t3
uxv7i90i,.,.,.,.,exceptional,exceptional,good,good,exceptional,very good,good,good,good,good,good,good,good,poor,good,good,good,very good,very poor,good,terrible,terrible,terrible,very good,1,t3
vaw072be,.,.,.,.,good,very good,very good,exceptional,very good,exceptional,good,poor,good,good,good,good,poor,very poor,poor,poor,poor,poor,terrible,very poor,very poor,poor,poor,poor,1,t3
vb81z7sk,.,.,.,.,poor,good,good,very good,very good,very good,poor,poor,good,good,good,good,very poor,very poor,poor,poor,good,poor,terrible,very poor,very poor,very poor,good,poor,1,t3
vdq13he4,exceptional,good,poor,very poor,.,.,.,.,.,.,.,.,.,.,.,.,.,.,.,.,.,.,.,.,.,.,.,.,0,t124
vjvmljyj,good,good,very good,poor,.,.,.,.,.,.,.,.,.,.,.,.,.,.,.,.,.,.,.,.,.,.,.,.,0,t124
vkcq61vl,very good,good,very poor,terrible,.,.,.,.,.,.,.,.,.,.,.,.,.,.,.,.,.,.,.,.,.,.,.,.,0,t124
vr331dy0,.,.,.,.,exceptional,exceptional,exceptional,exceptional,exceptional,exceptional,exceptional,exceptional,exceptional,exceptional,exceptional,exceptional,very good,very good,very good,very good,very good,very good,good,good,good,good,good,good,1,t3
vrb1yme6,.,.,.,.,exceptional,exceptional,exceptional,exceptional,exceptional,exceptional,good,good,very good,very good,very good,very good,very poor,very poor,poor,poor,poor,poor,terrible,terrible,terrible,terrible,terrible,very poor,1,t3
vsqdgeef,.,.,.,.,very good,good,good,good,exceptional,exceptional,very poor,poor,good,good,very good,very good,terrible,very poor,poor,poor,good,good,terrible,terrible,poor,poor,good,good,1,t3
vy93ee9o,.,.,.,.,very good,very good,good,very good,very good,very good,good,good,good,good,good,good,very poor,poor,poor,poor,poor,very poor,very poor,very poor,very poor,very poor,terrible,terrible,1,t3
w5oxpb0a,.,.,.,.,very good,very good,very good,exceptional,exceptional,exceptional,good,good,very good,good,very good,good,very poor,very poor,very poor,poor,very poor,poor,terrible,terrible,terrible,very poor,terrible,terrible,1,t3
waard009,exceptional,very good,good,very poor,.,.,.,.,.,.,.,.,.,.,.,.,.,.,.,.,.,.,.,.,.,.,.,.,0,t124
wmfmomfg,very good,good,very poor,terrible,.,.,.,.,.,.,.,.,.,.,.,.,.,.,.,.,.,.,.,.,.,.,.,.,0,t124
wn8dm2yk,very good,good,poor,very poor,.,.,.,.,.,.,.,.,.,.,.,.,.,.,.,.,.,.,.,.,.,.,.,.,0,t124
wq3lnfmh,exceptional,very good,poor,poor,.,.,.,.,.,.,.,.,.,.,.,.,.,.,.,.,.,.,.,.,.,.,.,.,0,t124
wvtmno4y,.,.,.,.,good,good,good,very good,exceptional,exceptional,poor,poor,good,very good,very good,very good,very poor,poor,very poor,good,good,good,terrible,terrible,very poor,poor,poor,poor,1,t3
wyk0sg4r,very good,very good,good,good,.,.,.,.,.,.,.,.,.,.,.,.,.,.,.,.,.,.,.,.,.,.,.,.,0,t124
x1z3dj5i,.,.,.,.,good,good,good,very good,very good,exceptional,poor,good,good,very good,very good,very good,poor,poor,good,good,good,very good,poor,poor,poor,good,good,very good,1,t3
x2y04zx0,.,.,.,.,.,exceptional,exceptional,very good,exceptional,.,very good,very good,very good,very good,very good,very good,poor,poor,poor,good,poor,poor,terrible,terrible,terrible,poor,terrible,terrible,1,t3
x3nvbkm5,exceptional,very good,poor,poor,.,.,.,.,.,.,.,.,.,.,.,.,.,.,.,.,.,.,.,.,.,.,.,.,0,t124
x3okn62c,very good,good,poor,very poor,.,.,.,.,.,.,.,.,.,.,.,.,.,.,.,.,.,.,.,.,.,.,.,.,0,t124
x4tjufdf,very good,good,poor,very poor,.,.,.,.,.,.,.,.,.,.,.,.,.,.,.,.,.,.,.,.,.,.,.,.,0,t124
xmyq7k6l,.,.,.,.,very poor,exceptional,terrible,terrible,terrible,terrible,exceptional,very poor,exceptional,very good,terrible,terrible,very poor,very good,poor,terrible,terrible,very poor,terrible,very poor,terrible,very poor,terrible,exceptional,1,t3
xndmjr0v,very good,good,poor,very poor,.,.,.,.,.,.,.,.,.,.,.,.,.,.,.,.,.,.,.,.,.,.,.,.,0,t124
xsxg5csj,.,.,.,.,very good,very good,very good,very good,very good,very good,good,good,good,good,good,good,very poor,poor,poor,poor,poor,poor,terrible,terrible,very poor,very poor,terrible,terrible,1,t3
xw02wnhg,very good,good,good,poor,.,.,.,.,.,.,.,.,.,.,.,.,.,.,.,.,.,.,.,.,.,.,.,.,0,t124
xwgevqno,.,.,.,.,.,good,good,very good,very good,.,poor,good,good,very good,.,very good,.,very poor,good,good,good,.,terrible,.,very poor,poor,.,good,1,t3
y1tap0ev,.,.,.,.,very good,very good,very good,very good,very good,very good,good,good,good,good,good,good,poor,poor,poor,poor,poor,poor,very poor,very poor,very poor,very poor,very poor,very poor,1,t3
y1vj27ng,very good,good,poor,very poor,.,.,.,.,.,.,.,.,.,.,.,.,.,.,.,.,.,.,.,.,.,.,.,.,0,t124
y3zag1hk,.,.,.,.,exceptional,exceptional,exceptional,exceptional,exceptional,exceptional,very good,very good,very good,exceptional,exceptional,very good,good,good,good,good,good,good,poor,poor,poor,good,good,good,1,t3
y5btjuo4,good,good,poor,very poor,.,.,.,.,.,.,.,.,.,.,.,.,.,.,.,.,.,.,.,.,.,.,.,.,0,t124
y76vy0ix,.,.,.,.,exceptional,very good,good,good,exceptional,exceptional,good,good,very good,very good,good,very good,poor,poor,good,poor,good,very good,poor,very poor,very poor,poor,good,poor,1,t3
yb5fdsqf,exceptional,very good,exceptional,very poor,.,.,.,.,.,.,.,.,.,.,.,.,.,.,.,.,.,.,.,.,.,.,.,.,0,t124
yekko8zr,.,.,.,.,exceptional,exceptional,exceptional,exceptional,exceptional,exceptional,good,very good,good,good,good,very good,poor,poor,poor,very poor,good,poor,terrible,terrible,terrible,terrible,terrible,terrible,1,t3
yo0n4m8h,.,.,.,.,exceptional,exceptional,exceptional,good,exceptional,exceptional,very good,very good,very good,very good,very good,very good,very poor,very poor,very poor,poor,very poor,poor,terrible,terrible,terrible,terrible,terrible,terrible,1,t3
yugrlczx,.,.,.,.,good,very good,very good,very good,exceptional,exceptional,very good,good,good,very good,very good,very good,poor,very poor,poor,poor,poor,good,very poor,terrible,terrible,good,poor,poor,1,t3
z4wsmzia,.,.,.,.,exceptional,very good,exceptional,very good,exceptional,exceptional,good,good,very good,very good,very good,good,poor,very poor,very poor,poor,poor,poor,terrible,very poor,terrible,very poor,very poor,very poor,1,t3
zce2rmyv,.,.,.,.,very good,exceptional,very good,exceptional,exceptional,exceptional,good,good,good,good,good,good,good,poor,poor,poor,poor,poor,very poor,very poor,very poor,very poor,very poor,very poor,1,t3
zl2gs65b,.,.,.,.,very good,very good,very poor,very good,exceptional,good,very good,poor,poor,good,exceptional,good,very poor,terrible,poor,poor,very good,very good,terrible,terrible,very poor,very poor,good,good,1,t3
zndi5etu,.,.,.,.,very good,very good,very good,very good,very good,exceptional,good,good,good,good,good,good,poor,poor,poor,poor,poor,poor,very poor,terrible,poor,very poor,poor,very poor,1,t3
zr01ploe,.,.,.,.,very good,exceptional,very good,very good,very good,very good,very good,very good,good,good,very good,good,very poor,poor,poor,good,good,poor,terrible,poor,very poor,very poor,poor,poor,1,t3
zwszhabt,very good,good,poor,very poor,.,.,.,.,.,.,.,.,.,.,.,.,.,.,.,.,.,.,.,.,.,.,.,.,0,t124
