participant.id_in_session;participant.code;participant.label;participant._is_bot;participant._index_in_pages;participant._max_page_index;participant._current_app_name;participant._current_page_name;participant.time_started_utc;participant.visited;participant.mturk_worker_id;participant.mturk_assignment_id;participant.payoff;participant.treat;participant.job;participant.groupno;participant.idingroup;participant.workerlist;participant.test_passed;participant.mentor;participant.t3_answers;session.code;session.label;session.mturk_HITId;session.mturk_HITGroupId;session.comment;session.is_demo;session.config.real_world_currency_per_point;session.config.participation_fee;session.config.name;session.t2_groups;session.t3_groups;session.t4_groups;session.t2_promo;session.t3_promo;session.t4_promo;session.t2_feedback;session.t3_feedback;session.t4_feedback;session.obs_t124;mentors1.1.player.id_in_group;mentors1.1.player.role;mentors1.1.player.payoff;mentors1.1.player.part_id;mentors1.1.player.treat;mentors1.1.player.workerid;mentors1.1.player.test1;mentors1.1.player.test2;mentors1.1.group.id_in_subsession;mentors1.1.subsession.round_number;mentors2.1.player.id_in_group;mentors2.1.player.role;mentors2.1.player.payoff;mentors2.1.player.top;mentors2.1.player.uppermiddle;mentors2.1.player.lowermiddle;mentors2.1.player.bottom;mentors2.1.group.id_in_subsession;mentors2.1.subsession.round_number;mentors2_t3.1.player.id_in_group;mentors2_t3.1.player.role;mentors2_t3.1.player.payoff;mentors2_t3.1.player.top_terrible;mentors2_t3.1.player.top_verypoor;mentors2_t3.1.player.top_poor;mentors2_t3.1.player.top_good;mentors2_t3.1.player.top_verygood;mentors2_t3.1.player.top_exceptional;mentors2_t3.1.player.um_terrible;mentors2_t3.1.player.um_verypoor;mentors2_t3.1.player.um_poor;mentors2_t3.1.player.um_good;mentors2_t3.1.player.um_verygood;mentors2_t3.1.player.um_exceptional;mentors2_t3.1.player.lm_terrible;mentors2_t3.1.player.lm_verypoor;mentors2_t3.1.player.lm_poor;mentors2_t3.1.player.lm_good;mentors2_t3.1.player.lm_verygood;mentors2_t3.1.player.lm_exceptional;mentors2_t3.1.player.b_terrible;mentors2_t3.1.player.b_verypoor;mentors2_t3.1.player.b_poor;mentors2_t3.1.player.b_good;mentors2_t3.1.player.b_verygood;mentors2_t3.1.player.b_exceptional;mentors2_t3.1.group.id_in_subsession;mentors2_t3.1.subsession.round_number;mentors3.1.player.id_in_group;mentors3.1.player.role;mentors3.1.player.payoff;mentors3.1.player.native;mentors3.1.player.eng_prof;mentors3.1.player.diffdots;mentors3.1.player.deviation;mentors3.1.player.diffadvice;mentors3.1.player.bonusest;mentors3.1.player.riskpref;mentors3.1.player.comp;mentors3.1.group.id_in_subsession;mentors3.1.subsession.round_number;mentees1.1.player.id_in_group;mentees1.1.player.role;mentees1.1.player.payoff;mentees1.1.player.treat;mentees1.1.player.workerid;mentees1.1.player.mentor;mentees1.1.player.test1;mentees1.1.group.id_in_subsession;mentees1.1.subsession.round_number;mentees2.1.player.id_in_group;mentees2.1.player.role;mentees2.1.player.payoff;mentees2.1.player.treat;mentees2.1.player.guess;mentees2.1.player.promotion;mentees2.1.player.native;mentees2.1.player.eng_prof;mentees2.1.player.diff;mentees2.1.player.stereo;mentees2.1.player.bonusest;mentees2.1.player.deviation;mentees2.1.player.riskpref;mentees2.1.player.comp;mentees2.1.player.promotion2;mentees2.1.group.id_in_subsession;mentees2.1.subsession.round_number
1;r061q8hn;;0;9;9;mentors3;End;2022-07-18 13:44:32.722647;1;;;0.0;t1;;;;;1;;;ib75u6qw;;;;;1;1.0;0.0;Mentors;;;;;;;;;;;1;;0.0;1;t1;r6rzj;4;1;1;1;1;;0.0;exceptional;exceptional;very good;good;1;1;1;;0.0;;;;;;;;;;;;;;;;;;;;;;;;;1;1;1;;0.0;2;;3;11;3;1.0;3;4;1;1;;;;;;;;;;;;;;;;;;;;;;;;;;
2;dexd2hzc;;0;9;9;mentors3;End;2022-07-18 13:45:17.183761;1;;;0.0;t2;;;;;1;;;ib75u6qw;;;;;1;1.0;0.0;Mentors;;;;;;;;;;;2;;0.0;2;t2;zukrz;4;1;1;1;2;;0.0;exceptional;very good;good;poor;1;1;2;;0.0;;;;;;;;;;;;;;;;;;;;;;;;;1;1;2;;0.0;1;4;5;11;4;3.0;2;3;1;1;;;;;;;;;;;;;;;;;;;;;;;;;;
3;tb2s571b;;0;9;9;mentors3;End;2022-07-18 13:10:22.616717;1;;;0.0;t3;;;;;1;;;ib75u6qw;;;;;1;1.0;0.0;Mentors;;;;;;;;;;;3;;0.0;3;t3;rzuk;4;1;1;1;3;;0.0;;;;;1;1;3;;0.0;very poor;poor;very poor;good;exceptional;poor;poor;good;poor;good;poor;poor;poor;very good;very poor;very good;poor;very good;good;very poor;poor;good;very poor;very good;1;1;3;;0.0;1;4;2;23;1;3.0;4;5;1;1;;;;;;;;;;;;;;;;;;;;;;;;;;
4;brd63n2p;;0;9;9;mentors3;End;2022-07-18 13:45:42.471885;1;;;0.0;t4;;;;;1;;;ib75u6qw;;;;;1;1.0;0.0;Mentors;;;;;;;;;;;4;;0.0;4;t4;uil;4;1;1;1;4;;0.0;exceptional;good;poor;very poor;1;1;4;;0.0;;;;;;;;;;;;;;;;;;;;;;;;;1;1;4;;0.0;1;2;2;5;4;1.0;7;4;1;1;;;;;;;;;;;;;;;;;;;;;;;;;;
5;m2zi1fzc;;0;0;9;;;;0;;;0.0;t1;;;;;;;;ib75u6qw;;;;;1;1.0;0.0;Mentors;;;;;;;;;;;5;;0.0;5;t1;;;;1;1;5;;0.0;;;;;1;1;5;;0.0;;;;;;;;;;;;;;;;;;;;;;;;;1;1;5;;0.0;;;;;;;;;1;1;;;;;;;;;;;;;;;;;;;;;;;;;;
6;vh5bdnsp;;0;0;9;;;;0;;;0.0;t2;;;;;;;;ib75u6qw;;;;;1;1.0;0.0;Mentors;;;;;;;;;;;6;;0.0;6;t2;;;;1;1;6;;0.0;;;;;1;1;6;;0.0;;;;;;;;;;;;;;;;;;;;;;;;;1;1;6;;0.0;;;;;;;;;1;1;;;;;;;;;;;;;;;;;;;;;;;;;;
7;f2r0syed;;0;9;9;mentors3;End;2022-07-18 13:46:16.848691;1;;;0.0;t3;;;;;1;;;ib75u6qw;;;;;1;1.0;0.0;Mentors;;;;;;;;;;;7;;0.0;7;t3;tuiluil;4;1;1;1;7;;0.0;;;;;1;1;7;;0.0;exceptional;exceptional;exceptional;exceptional;exceptional;exceptional;very good;very good;very good;very good;very good;very good;poor;poor;poor;poor;poor;poor;very poor;terrible;terrible;very poor;poor;very poor;1;1;7;;0.0;1;6;2;4;3;3.0;6;5;1;1;;;;;;;;;;;;;;;;;;;;;;;;;;
8;n6mq3rf4;;0;0;9;;;;0;;;0.0;t4;;;;;;;;ib75u6qw;;;;;1;1.0;0.0;Mentors;;;;;;;;;;;8;;0.0;8;t4;;;;1;1;8;;0.0;;;;;1;1;8;;0.0;;;;;;;;;;;;;;;;;;;;;;;;;1;1;8;;0.0;;;;;;;;;1;1;;;;;;;;;;;;;;;;;;;;;;;;;;
9;c05npjtg;;0;0;9;;;;0;;;0.0;t1;;;;;;;;ib75u6qw;;;;;1;1.0;0.0;Mentors;;;;;;;;;;;9;;0.0;9;t1;;;;1;1;9;;0.0;;;;;1;1;9;;0.0;;;;;;;;;;;;;;;;;;;;;;;;;1;1;9;;0.0;;;;;;;;;1;1;;;;;;;;;;;;;;;;;;;;;;;;;;
10;r3wph8wa;;0;0;9;;;;0;;;0.0;t2;;;;;;;;ib75u6qw;;;;;1;1.0;0.0;Mentors;;;;;;;;;;;10;;0.0;10;t2;;;;1;1;10;;0.0;;;;;1;1;10;;0.0;;;;;;;;;;;;;;;;;;;;;;;;;1;1;10;;0.0;;;;;;;;;1;1;;;;;;;;;;;;;;;;;;;;;;;;;;
11;iddn009j;;0;0;9;;;;0;;;0.0;t3;;;;;;;;ib75u6qw;;;;;1;1.0;0.0;Mentors;;;;;;;;;;;11;;0.0;11;t3;;;;1;1;11;;0.0;;;;;1;1;11;;0.0;;;;;;;;;;;;;;;;;;;;;;;;;1;1;11;;0.0;;;;;;;;;1;1;;;;;;;;;;;;;;;;;;;;;;;;;;
12;c7e0y0m8;;0;0;9;;;;0;;;0.0;t4;;;;;;;;ib75u6qw;;;;;1;1.0;0.0;Mentors;;;;;;;;;;;12;;0.0;12;t4;;;;1;1;12;;0.0;;;;;1;1;12;;0.0;;;;;;;;;;;;;;;;;;;;;;;;;1;1;12;;0.0;;;;;;;;;1;1;;;;;;;;;;;;;;;;;;;;;;;;;;
13;e8xrcy3z;;0;0;9;;;;0;;;0.0;t1;;;;;;;;ib75u6qw;;;;;1;1.0;0.0;Mentors;;;;;;;;;;;13;;0.0;13;t1;;;;1;1;13;;0.0;;;;;1;1;13;;0.0;;;;;;;;;;;;;;;;;;;;;;;;;1;1;13;;0.0;;;;;;;;;1;1;;;;;;;;;;;;;;;;;;;;;;;;;;
14;5yybywzt;;0;0;9;;;;0;;;0.0;t2;;;;;;;;ib75u6qw;;;;;1;1.0;0.0;Mentors;;;;;;;;;;;14;;0.0;14;t2;;;;1;1;14;;0.0;;;;;1;1;14;;0.0;;;;;;;;;;;;;;;;;;;;;;;;;1;1;14;;0.0;;;;;;;;;1;1;;;;;;;;;;;;;;;;;;;;;;;;;;
15;fgltaz9y;;0;0;9;;;;0;;;0.0;t3;;;;;;;;ib75u6qw;;;;;1;1.0;0.0;Mentors;;;;;;;;;;;15;;0.0;15;t3;;;;1;1;15;;0.0;;;;;1;1;15;;0.0;;;;;;;;;;;;;;;;;;;;;;;;;1;1;15;;0.0;;;;;;;;;1;1;;;;;;;;;;;;;;;;;;;;;;;;;;
16;c9drdfqm;;0;0;9;;;;0;;;0.0;t4;;;;;;;;ib75u6qw;;;;;1;1.0;0.0;Mentors;;;;;;;;;;;16;;0.0;16;t4;;;;1;1;16;;0.0;;;;;1;1;16;;0.0;;;;;;;;;;;;;;;;;;;;;;;;;1;1;16;;0.0;;;;;;;;;1;1;;;;;;;;;;;;;;;;;;;;;;;;;;
17;hz8g4xya;;0;0;9;;;;0;;;0.0;t1;;;;;;;;ib75u6qw;;;;;1;1.0;0.0;Mentors;;;;;;;;;;;17;;0.0;17;t1;;;;1;1;17;;0.0;;;;;1;1;17;;0.0;;;;;;;;;;;;;;;;;;;;;;;;;1;1;17;;0.0;;;;;;;;;1;1;;;;;;;;;;;;;;;;;;;;;;;;;;
18;6lf4nshj;;0;0;9;;;;0;;;0.0;t2;;;;;;;;ib75u6qw;;;;;1;1.0;0.0;Mentors;;;;;;;;;;;18;;0.0;18;t2;;;;1;1;18;;0.0;;;;;1;1;18;;0.0;;;;;;;;;;;;;;;;;;;;;;;;;1;1;18;;0.0;;;;;;;;;1;1;;;;;;;;;;;;;;;;;;;;;;;;;;
19;igpld4t9;;0;0;9;;;;0;;;0.0;t3;;;;;;;;ib75u6qw;;;;;1;1.0;0.0;Mentors;;;;;;;;;;;19;;0.0;19;t3;;;;1;1;19;;0.0;;;;;1;1;19;;0.0;;;;;;;;;;;;;;;;;;;;;;;;;1;1;19;;0.0;;;;;;;;;1;1;;;;;;;;;;;;;;;;;;;;;;;;;;
20;c6eg5yrz;;0;0;9;;;;0;;;0.0;t4;;;;;;;;ib75u6qw;;;;;1;1.0;0.0;Mentors;;;;;;;;;;;20;;0.0;20;t4;;;;1;1;20;;0.0;;;;;1;1;20;;0.0;;;;;;;;;;;;;;;;;;;;;;;;;1;1;20;;0.0;;;;;;;;;1;1;;;;;;;;;;;;;;;;;;;;;;;;;;
21;nn9btxls;;0;0;9;;;;0;;;0.0;t1;;;;;;;;ib75u6qw;;;;;1;1.0;0.0;Mentors;;;;;;;;;;;21;;0.0;21;t1;;;;1;1;21;;0.0;;;;;1;1;21;;0.0;;;;;;;;;;;;;;;;;;;;;;;;;1;1;21;;0.0;;;;;;;;;1;1;;;;;;;;;;;;;;;;;;;;;;;;;;
22;4oie5sdo;;0;0;9;;;;0;;;0.0;t2;;;;;;;;ib75u6qw;;;;;1;1.0;0.0;Mentors;;;;;;;;;;;22;;0.0;22;t2;;;;1;1;22;;0.0;;;;;1;1;22;;0.0;;;;;;;;;;;;;;;;;;;;;;;;;1;1;22;;0.0;;;;;;;;;1;1;;;;;;;;;;;;;;;;;;;;;;;;;;
23;1evowyok;;0;0;9;;;;0;;;0.0;t3;;;;;;;;ib75u6qw;;;;;1;1.0;0.0;Mentors;;;;;;;;;;;23;;0.0;23;t3;;;;1;1;23;;0.0;;;;;1;1;23;;0.0;;;;;;;;;;;;;;;;;;;;;;;;;1;1;23;;0.0;;;;;;;;;1;1;;;;;;;;;;;;;;;;;;;;;;;;;;
24;liss5snn;;0;0;9;;;;0;;;0.0;t4;;;;;;;;ib75u6qw;;;;;1;1.0;0.0;Mentors;;;;;;;;;;;24;;0.0;24;t4;;;;1;1;24;;0.0;;;;;1;1;24;;0.0;;;;;;;;;;;;;;;;;;;;;;;;;1;1;24;;0.0;;;;;;;;;1;1;;;;;;;;;;;;;;;;;;;;;;;;;;
25;0jkghpyg;;0;0;9;;;;0;;;0.0;t1;;;;;;;;ib75u6qw;;;;;1;1.0;0.0;Mentors;;;;;;;;;;;25;;0.0;25;t1;;;;1;1;25;;0.0;;;;;1;1;25;;0.0;;;;;;;;;;;;;;;;;;;;;;;;;1;1;25;;0.0;;;;;;;;;1;1;;;;;;;;;;;;;;;;;;;;;;;;;;
26;so81f3te;;0;0;9;;;;0;;;0.0;t2;;;;;;;;ib75u6qw;;;;;1;1.0;0.0;Mentors;;;;;;;;;;;26;;0.0;26;t2;;;;1;1;26;;0.0;;;;;1;1;26;;0.0;;;;;;;;;;;;;;;;;;;;;;;;;1;1;26;;0.0;;;;;;;;;1;1;;;;;;;;;;;;;;;;;;;;;;;;;;
27;m8f5fvur;;0;0;9;;;;0;;;0.0;t3;;;;;;;;ib75u6qw;;;;;1;1.0;0.0;Mentors;;;;;;;;;;;27;;0.0;27;t3;;;;1;1;27;;0.0;;;;;1;1;27;;0.0;;;;;;;;;;;;;;;;;;;;;;;;;1;1;27;;0.0;;;;;;;;;1;1;;;;;;;;;;;;;;;;;;;;;;;;;;
28;am8pdg8m;;0;0;9;;;;0;;;0.0;t4;;;;;;;;ib75u6qw;;;;;1;1.0;0.0;Mentors;;;;;;;;;;;28;;0.0;28;t4;;;;1;1;28;;0.0;;;;;1;1;28;;0.0;;;;;;;;;;;;;;;;;;;;;;;;;1;1;28;;0.0;;;;;;;;;1;1;;;;;;;;;;;;;;;;;;;;;;;;;;
29;12ij5hvt;;0;0;9;;;;0;;;0.0;t1;;;;;;;;ib75u6qw;;;;;1;1.0;0.0;Mentors;;;;;;;;;;;29;;0.0;29;t1;;;;1;1;29;;0.0;;;;;1;1;29;;0.0;;;;;;;;;;;;;;;;;;;;;;;;;1;1;29;;0.0;;;;;;;;;1;1;;;;;;;;;;;;;;;;;;;;;;;;;;
30;jkmxq6tm;;0;0;9;;;;0;;;0.0;t2;;;;;;;;ib75u6qw;;;;;1;1.0;0.0;Mentors;;;;;;;;;;;30;;0.0;30;t2;;;;1;1;30;;0.0;;;;;1;1;30;;0.0;;;;;;;;;;;;;;;;;;;;;;;;;1;1;30;;0.0;;;;;;;;;1;1;;;;;;;;;;;;;;;;;;;;;;;;;;
31;ycxdpl7v;;0;0;9;;;;0;;;0.0;t3;;;;;;;;ib75u6qw;;;;;1;1.0;0.0;Mentors;;;;;;;;;;;31;;0.0;31;t3;;;;1;1;31;;0.0;;;;;1;1;31;;0.0;;;;;;;;;;;;;;;;;;;;;;;;;1;1;31;;0.0;;;;;;;;;1;1;;;;;;;;;;;;;;;;;;;;;;;;;;
32;49c5qh9x;;0;0;9;;;;0;;;0.0;t4;;;;;;;;ib75u6qw;;;;;1;1.0;0.0;Mentors;;;;;;;;;;;32;;0.0;32;t4;;;;1;1;32;;0.0;;;;;1;1;32;;0.0;;;;;;;;;;;;;;;;;;;;;;;;;1;1;32;;0.0;;;;;;;;;1;1;;;;;;;;;;;;;;;;;;;;;;;;;;
33;rqryk0yv;;0;0;9;;;;0;;;0.0;t1;;;;;;;;ib75u6qw;;;;;1;1.0;0.0;Mentors;;;;;;;;;;;33;;0.0;33;t1;;;;1;1;33;;0.0;;;;;1;1;33;;0.0;;;;;;;;;;;;;;;;;;;;;;;;;1;1;33;;0.0;;;;;;;;;1;1;;;;;;;;;;;;;;;;;;;;;;;;;;
34;s8dhwodg;;0;0;9;;;;0;;;0.0;t2;;;;;;;;ib75u6qw;;;;;1;1.0;0.0;Mentors;;;;;;;;;;;34;;0.0;34;t2;;;;1;1;34;;0.0;;;;;1;1;34;;0.0;;;;;;;;;;;;;;;;;;;;;;;;;1;1;34;;0.0;;;;;;;;;1;1;;;;;;;;;;;;;;;;;;;;;;;;;;
35;3dh6oe0d;;0;0;9;;;;0;;;0.0;t3;;;;;;;;ib75u6qw;;;;;1;1.0;0.0;Mentors;;;;;;;;;;;35;;0.0;35;t3;;;;1;1;35;;0.0;;;;;1;1;35;;0.0;;;;;;;;;;;;;;;;;;;;;;;;;1;1;35;;0.0;;;;;;;;;1;1;;;;;;;;;;;;;;;;;;;;;;;;;;
36;0u3jdrnn;;0;0;9;;;;0;;;0.0;t4;;;;;;;;ib75u6qw;;;;;1;1.0;0.0;Mentors;;;;;;;;;;;36;;0.0;36;t4;;;;1;1;36;;0.0;;;;;1;1;36;;0.0;;;;;;;;;;;;;;;;;;;;;;;;;1;1;36;;0.0;;;;;;;;;1;1;;;;;;;;;;;;;;;;;;;;;;;;;;
37;oicz25s9;;0;0;9;;;;0;;;0.0;t1;;;;;;;;ib75u6qw;;;;;1;1.0;0.0;Mentors;;;;;;;;;;;37;;0.0;37;t1;;;;1;1;37;;0.0;;;;;1;1;37;;0.0;;;;;;;;;;;;;;;;;;;;;;;;;1;1;37;;0.0;;;;;;;;;1;1;;;;;;;;;;;;;;;;;;;;;;;;;;
38;ijh478h9;;0;0;9;;;;0;;;0.0;t2;;;;;;;;ib75u6qw;;;;;1;1.0;0.0;Mentors;;;;;;;;;;;38;;0.0;38;t2;;;;1;1;38;;0.0;;;;;1;1;38;;0.0;;;;;;;;;;;;;;;;;;;;;;;;;1;1;38;;0.0;;;;;;;;;1;1;;;;;;;;;;;;;;;;;;;;;;;;;;
39;8fjo2cix;;0;0;9;;;;0;;;0.0;t3;;;;;;;;ib75u6qw;;;;;1;1.0;0.0;Mentors;;;;;;;;;;;39;;0.0;39;t3;;;;1;1;39;;0.0;;;;;1;1;39;;0.0;;;;;;;;;;;;;;;;;;;;;;;;;1;1;39;;0.0;;;;;;;;;1;1;;;;;;;;;;;;;;;;;;;;;;;;;;
40;n5m86bg0;;0;0;9;;;;0;;;0.0;t4;;;;;;;;ib75u6qw;;;;;1;1.0;0.0;Mentors;;;;;;;;;;;40;;0.0;40;t4;;;;1;1;40;;0.0;;;;;1;1;40;;0.0;;;;;;;;;;;;;;;;;;;;;;;;;1;1;40;;0.0;;;;;;;;;1;1;;;;;;;;;;;;;;;;;;;;;;;;;;
41;qe5lylt8;;0;0;9;;;;0;;;0.0;t1;;;;;;;;ib75u6qw;;;;;1;1.0;0.0;Mentors;;;;;;;;;;;41;;0.0;41;t1;;;;1;1;41;;0.0;;;;;1;1;41;;0.0;;;;;;;;;;;;;;;;;;;;;;;;;1;1;41;;0.0;;;;;;;;;1;1;;;;;;;;;;;;;;;;;;;;;;;;;;
42;i1r5pka6;;0;0;9;;;;0;;;0.0;t1;;;;;;;;ib75u6qw;;;;;1;1.0;0.0;Mentors;;;;;;;;;;;42;;0.0;42;t1;;;;1;1;42;;0.0;;;;;1;1;42;;0.0;;;;;;;;;;;;;;;;;;;;;;;;;1;1;42;;0.0;;;;;;;;;1;1;;;;;;;;;;;;;;;;;;;;;;;;;;
43;zgeiuvkj;;0;0;9;;;;0;;;0.0;t1;;;;;;;;ib75u6qw;;;;;1;1.0;0.0;Mentors;;;;;;;;;;;43;;0.0;43;t1;;;;1;1;43;;0.0;;;;;1;1;43;;0.0;;;;;;;;;;;;;;;;;;;;;;;;;1;1;43;;0.0;;;;;;;;;1;1;;;;;;;;;;;;;;;;;;;;;;;;;;
44;ybzgr7eb;;0;0;9;;;;0;;;0.0;t1;;;;;;;;ib75u6qw;;;;;1;1.0;0.0;Mentors;;;;;;;;;;;44;;0.0;44;t1;;;;1;1;44;;0.0;;;;;1;1;44;;0.0;;;;;;;;;;;;;;;;;;;;;;;;;1;1;44;;0.0;;;;;;;;;1;1;;;;;;;;;;;;;;;;;;;;;;;;;;
45;z4iib4bx;;0;0;9;;;;0;;;0.0;t1;;;;;;;;ib75u6qw;;;;;1;1.0;0.0;Mentors;;;;;;;;;;;45;;0.0;45;t1;;;;1;1;45;;0.0;;;;;1;1;45;;0.0;;;;;;;;;;;;;;;;;;;;;;;;;1;1;45;;0.0;;;;;;;;;1;1;;;;;;;;;;;;;;;;;;;;;;;;;;
46;tr6xh19s;;0;0;9;;;;0;;;0.0;t1;;;;;;;;ib75u6qw;;;;;1;1.0;0.0;Mentors;;;;;;;;;;;46;;0.0;46;t1;;;;1;1;46;;0.0;;;;;1;1;46;;0.0;;;;;;;;;;;;;;;;;;;;;;;;;1;1;46;;0.0;;;;;;;;;1;1;;;;;;;;;;;;;;;;;;;;;;;;;;
47;72iq8tds;;0;0;9;;;;0;;;0.0;t1;;;;;;;;ib75u6qw;;;;;1;1.0;0.0;Mentors;;;;;;;;;;;47;;0.0;47;t1;;;;1;1;47;;0.0;;;;;1;1;47;;0.0;;;;;;;;;;;;;;;;;;;;;;;;;1;1;47;;0.0;;;;;;;;;1;1;;;;;;;;;;;;;;;;;;;;;;;;;;
48;gudsbekt;;0;0;9;;;;0;;;0.0;t1;;;;;;;;ib75u6qw;;;;;1;1.0;0.0;Mentors;;;;;;;;;;;48;;0.0;48;t1;;;;1;1;48;;0.0;;;;;1;1;48;;0.0;;;;;;;;;;;;;;;;;;;;;;;;;1;1;48;;0.0;;;;;;;;;1;1;;;;;;;;;;;;;;;;;;;;;;;;;;
49;iudr3c1s;;0;0;9;;;;0;;;0.0;t1;;;;;;;;ib75u6qw;;;;;1;1.0;0.0;Mentors;;;;;;;;;;;49;;0.0;49;t1;;;;1;1;49;;0.0;;;;;1;1;49;;0.0;;;;;;;;;;;;;;;;;;;;;;;;;1;1;49;;0.0;;;;;;;;;1;1;;;;;;;;;;;;;;;;;;;;;;;;;;
50;jo8blrju;;0;0;9;;;;0;;;0.0;t1;;;;;;;;ib75u6qw;;;;;1;1.0;0.0;Mentors;;;;;;;;;;;50;;0.0;50;t1;;;;1;1;50;;0.0;;;;;1;1;50;;0.0;;;;;;;;;;;;;;;;;;;;;;;;;1;1;50;;0.0;;;;;;;;;1;1;;;;;;;;;;;;;;;;;;;;;;;;;;
51;o1popu7n;;0;0;9;;;;0;;;0.0;t1;;;;;;;;ib75u6qw;;;;;1;1.0;0.0;Mentors;;;;;;;;;;;51;;0.0;51;t1;;;;1;1;51;;0.0;;;;;1;1;51;;0.0;;;;;;;;;;;;;;;;;;;;;;;;;1;1;51;;0.0;;;;;;;;;1;1;;;;;;;;;;;;;;;;;;;;;;;;;;
52;jgfm7s3w;;0;0;9;;;;0;;;0.0;t1;;;;;;;;ib75u6qw;;;;;1;1.0;0.0;Mentors;;;;;;;;;;;52;;0.0;52;t1;;;;1;1;52;;0.0;;;;;1;1;52;;0.0;;;;;;;;;;;;;;;;;;;;;;;;;1;1;52;;0.0;;;;;;;;;1;1;;;;;;;;;;;;;;;;;;;;;;;;;;
53;u7ka9nlu;;0;0;9;;;;0;;;0.0;t1;;;;;;;;ib75u6qw;;;;;1;1.0;0.0;Mentors;;;;;;;;;;;53;;0.0;53;t1;;;;1;1;53;;0.0;;;;;1;1;53;;0.0;;;;;;;;;;;;;;;;;;;;;;;;;1;1;53;;0.0;;;;;;;;;1;1;;;;;;;;;;;;;;;;;;;;;;;;;;
54;shxtsb7z;;0;0;9;;;;0;;;0.0;t1;;;;;;;;ib75u6qw;;;;;1;1.0;0.0;Mentors;;;;;;;;;;;54;;0.0;54;t1;;;;1;1;54;;0.0;;;;;1;1;54;;0.0;;;;;;;;;;;;;;;;;;;;;;;;;1;1;54;;0.0;;;;;;;;;1;1;;;;;;;;;;;;;;;;;;;;;;;;;;
55;jqlfgais;;0;0;9;;;;0;;;0.0;t1;;;;;;;;ib75u6qw;;;;;1;1.0;0.0;Mentors;;;;;;;;;;;55;;0.0;55;t1;;;;1;1;55;;0.0;;;;;1;1;55;;0.0;;;;;;;;;;;;;;;;;;;;;;;;;1;1;55;;0.0;;;;;;;;;1;1;;;;;;;;;;;;;;;;;;;;;;;;;;
56;zncek69u;;0;0;9;;;;0;;;0.0;t1;;;;;;;;ib75u6qw;;;;;1;1.0;0.0;Mentors;;;;;;;;;;;56;;0.0;56;t1;;;;1;1;56;;0.0;;;;;1;1;56;;0.0;;;;;;;;;;;;;;;;;;;;;;;;;1;1;56;;0.0;;;;;;;;;1;1;;;;;;;;;;;;;;;;;;;;;;;;;;
57;ppnndbxn;;0;0;9;;;;0;;;0.0;t1;;;;;;;;ib75u6qw;;;;;1;1.0;0.0;Mentors;;;;;;;;;;;57;;0.0;57;t1;;;;1;1;57;;0.0;;;;;1;1;57;;0.0;;;;;;;;;;;;;;;;;;;;;;;;;1;1;57;;0.0;;;;;;;;;1;1;;;;;;;;;;;;;;;;;;;;;;;;;;
58;tk98ptr0;;0;0;9;;;;0;;;0.0;t1;;;;;;;;ib75u6qw;;;;;1;1.0;0.0;Mentors;;;;;;;;;;;58;;0.0;58;t1;;;;1;1;58;;0.0;;;;;1;1;58;;0.0;;;;;;;;;;;;;;;;;;;;;;;;;1;1;58;;0.0;;;;;;;;;1;1;;;;;;;;;;;;;;;;;;;;;;;;;;
59;ka8v2jg6;;0;0;9;;;;0;;;0.0;t1;;;;;;;;ib75u6qw;;;;;1;1.0;0.0;Mentors;;;;;;;;;;;59;;0.0;59;t1;;;;1;1;59;;0.0;;;;;1;1;59;;0.0;;;;;;;;;;;;;;;;;;;;;;;;;1;1;59;;0.0;;;;;;;;;1;1;;;;;;;;;;;;;;;;;;;;;;;;;;
60;a1zywau7;;0;0;9;;;;0;;;0.0;t1;;;;;;;;ib75u6qw;;;;;1;1.0;0.0;Mentors;;;;;;;;;;;60;;0.0;60;t1;;;;1;1;60;;0.0;;;;;1;1;60;;0.0;;;;;;;;;;;;;;;;;;;;;;;;;1;1;60;;0.0;;;;;;;;;1;1;;;;;;;;;;;;;;;;;;;;;;;;;;
61;02vtytgj;;0;0;9;;;;0;;;0.0;t1;;;;;;;;ib75u6qw;;;;;1;1.0;0.0;Mentors;;;;;;;;;;;61;;0.0;61;t1;;;;1;1;61;;0.0;;;;;1;1;61;;0.0;;;;;;;;;;;;;;;;;;;;;;;;;1;1;61;;0.0;;;;;;;;;1;1;;;;;;;;;;;;;;;;;;;;;;;;;;
62;4grdgfc8;;0;0;9;;;;0;;;0.0;t1;;;;;;;;ib75u6qw;;;;;1;1.0;0.0;Mentors;;;;;;;;;;;62;;0.0;62;t1;;;;1;1;62;;0.0;;;;;1;1;62;;0.0;;;;;;;;;;;;;;;;;;;;;;;;;1;1;62;;0.0;;;;;;;;;1;1;;;;;;;;;;;;;;;;;;;;;;;;;;
63;51ewypv6;;0;0;9;;;;0;;;0.0;t1;;;;;;;;ib75u6qw;;;;;1;1.0;0.0;Mentors;;;;;;;;;;;63;;0.0;63;t1;;;;1;1;63;;0.0;;;;;1;1;63;;0.0;;;;;;;;;;;;;;;;;;;;;;;;;1;1;63;;0.0;;;;;;;;;1;1;;;;;;;;;;;;;;;;;;;;;;;;;;
64;j8exj3wz;;0;0;9;;;;0;;;0.0;t1;;;;;;;;ib75u6qw;;;;;1;1.0;0.0;Mentors;;;;;;;;;;;64;;0.0;64;t1;;;;1;1;64;;0.0;;;;;1;1;64;;0.0;;;;;;;;;;;;;;;;;;;;;;;;;1;1;64;;0.0;;;;;;;;;1;1;;;;;;;;;;;;;;;;;;;;;;;;;;
65;flczz2tt;;0;0;9;;;;0;;;0.0;t1;;;;;;;;ib75u6qw;;;;;1;1.0;0.0;Mentors;;;;;;;;;;;65;;0.0;65;t1;;;;1;1;65;;0.0;;;;;1;1;65;;0.0;;;;;;;;;;;;;;;;;;;;;;;;;1;1;65;;0.0;;;;;;;;;1;1;;;;;;;;;;;;;;;;;;;;;;;;;;
66;fkr4stmn;;0;0;9;;;;0;;;0.0;t1;;;;;;;;ib75u6qw;;;;;1;1.0;0.0;Mentors;;;;;;;;;;;66;;0.0;66;t1;;;;1;1;66;;0.0;;;;;1;1;66;;0.0;;;;;;;;;;;;;;;;;;;;;;;;;1;1;66;;0.0;;;;;;;;;1;1;;;;;;;;;;;;;;;;;;;;;;;;;;
67;xgayd31c;;0;0;9;;;;0;;;0.0;t1;;;;;;;;ib75u6qw;;;;;1;1.0;0.0;Mentors;;;;;;;;;;;67;;0.0;67;t1;;;;1;1;67;;0.0;;;;;1;1;67;;0.0;;;;;;;;;;;;;;;;;;;;;;;;;1;1;67;;0.0;;;;;;;;;1;1;;;;;;;;;;;;;;;;;;;;;;;;;;
68;850ytemh;;0;0;9;;;;0;;;0.0;t1;;;;;;;;ib75u6qw;;;;;1;1.0;0.0;Mentors;;;;;;;;;;;68;;0.0;68;t1;;;;1;1;68;;0.0;;;;;1;1;68;;0.0;;;;;;;;;;;;;;;;;;;;;;;;;1;1;68;;0.0;;;;;;;;;1;1;;;;;;;;;;;;;;;;;;;;;;;;;;
69;u8f80anh;;0;0;9;;;;0;;;0.0;t1;;;;;;;;ib75u6qw;;;;;1;1.0;0.0;Mentors;;;;;;;;;;;69;;0.0;69;t1;;;;1;1;69;;0.0;;;;;1;1;69;;0.0;;;;;;;;;;;;;;;;;;;;;;;;;1;1;69;;0.0;;;;;;;;;1;1;;;;;;;;;;;;;;;;;;;;;;;;;;
70;x04yjtu0;;0;0;9;;;;0;;;0.0;t1;;;;;;;;ib75u6qw;;;;;1;1.0;0.0;Mentors;;;;;;;;;;;70;;0.0;70;t1;;;;1;1;70;;0.0;;;;;1;1;70;;0.0;;;;;;;;;;;;;;;;;;;;;;;;;1;1;70;;0.0;;;;;;;;;1;1;;;;;;;;;;;;;;;;;;;;;;;;;;
71;amxv92uo;;0;0;9;;;;0;;;0.0;t1;;;;;;;;ib75u6qw;;;;;1;1.0;0.0;Mentors;;;;;;;;;;;71;;0.0;71;t1;;;;1;1;71;;0.0;;;;;1;1;71;;0.0;;;;;;;;;;;;;;;;;;;;;;;;;1;1;71;;0.0;;;;;;;;;1;1;;;;;;;;;;;;;;;;;;;;;;;;;;
72;ysfj2y4d;;0;0;9;;;;0;;;0.0;t1;;;;;;;;ib75u6qw;;;;;1;1.0;0.0;Mentors;;;;;;;;;;;72;;0.0;72;t1;;;;1;1;72;;0.0;;;;;1;1;72;;0.0;;;;;;;;;;;;;;;;;;;;;;;;;1;1;72;;0.0;;;;;;;;;1;1;;;;;;;;;;;;;;;;;;;;;;;;;;
73;m5f2sps6;;0;0;9;;;;0;;;0.0;t1;;;;;;;;ib75u6qw;;;;;1;1.0;0.0;Mentors;;;;;;;;;;;73;;0.0;73;t1;;;;1;1;73;;0.0;;;;;1;1;73;;0.0;;;;;;;;;;;;;;;;;;;;;;;;;1;1;73;;0.0;;;;;;;;;1;1;;;;;;;;;;;;;;;;;;;;;;;;;;
74;140oe2m3;;0;0;9;;;;0;;;0.0;t1;;;;;;;;ib75u6qw;;;;;1;1.0;0.0;Mentors;;;;;;;;;;;74;;0.0;74;t1;;;;1;1;74;;0.0;;;;;1;1;74;;0.0;;;;;;;;;;;;;;;;;;;;;;;;;1;1;74;;0.0;;;;;;;;;1;1;;;;;;;;;;;;;;;;;;;;;;;;;;
75;yykryw4j;;0;0;9;;;;0;;;0.0;t1;;;;;;;;ib75u6qw;;;;;1;1.0;0.0;Mentors;;;;;;;;;;;75;;0.0;75;t1;;;;1;1;75;;0.0;;;;;1;1;75;;0.0;;;;;;;;;;;;;;;;;;;;;;;;;1;1;75;;0.0;;;;;;;;;1;1;;;;;;;;;;;;;;;;;;;;;;;;;;
76;ggc2v8th;;0;0;9;;;;0;;;0.0;t1;;;;;;;;ib75u6qw;;;;;1;1.0;0.0;Mentors;;;;;;;;;;;76;;0.0;76;t1;;;;1;1;76;;0.0;;;;;1;1;76;;0.0;;;;;;;;;;;;;;;;;;;;;;;;;1;1;76;;0.0;;;;;;;;;1;1;;;;;;;;;;;;;;;;;;;;;;;;;;
77;dbxi8sga;;0;0;9;;;;0;;;0.0;t1;;;;;;;;ib75u6qw;;;;;1;1.0;0.0;Mentors;;;;;;;;;;;77;;0.0;77;t1;;;;1;1;77;;0.0;;;;;1;1;77;;0.0;;;;;;;;;;;;;;;;;;;;;;;;;1;1;77;;0.0;;;;;;;;;1;1;;;;;;;;;;;;;;;;;;;;;;;;;;
78;ldk9fk0f;;0;0;9;;;;0;;;0.0;t1;;;;;;;;ib75u6qw;;;;;1;1.0;0.0;Mentors;;;;;;;;;;;78;;0.0;78;t1;;;;1;1;78;;0.0;;;;;1;1;78;;0.0;;;;;;;;;;;;;;;;;;;;;;;;;1;1;78;;0.0;;;;;;;;;1;1;;;;;;;;;;;;;;;;;;;;;;;;;;
79;u5d23u5p;;0;0;9;;;;0;;;0.0;t1;;;;;;;;ib75u6qw;;;;;1;1.0;0.0;Mentors;;;;;;;;;;;79;;0.0;79;t1;;;;1;1;79;;0.0;;;;;1;1;79;;0.0;;;;;;;;;;;;;;;;;;;;;;;;;1;1;79;;0.0;;;;;;;;;1;1;;;;;;;;;;;;;;;;;;;;;;;;;;
80;kfawedyu;;0;0;9;;;;0;;;0.0;t1;;;;;;;;ib75u6qw;;;;;1;1.0;0.0;Mentors;;;;;;;;;;;80;;0.0;80;t1;;;;1;1;80;;0.0;;;;;1;1;80;;0.0;;;;;;;;;;;;;;;;;;;;;;;;;1;1;80;;0.0;;;;;;;;;1;1;;;;;;;;;;;;;;;;;;;;;;;;;;
81;vwdkychi;;0;0;9;;;;0;;;0.0;t1;;;;;;;;ib75u6qw;;;;;1;1.0;0.0;Mentors;;;;;;;;;;;81;;0.0;81;t1;;;;1;1;81;;0.0;;;;;1;1;81;;0.0;;;;;;;;;;;;;;;;;;;;;;;;;1;1;81;;0.0;;;;;;;;;1;1;;;;;;;;;;;;;;;;;;;;;;;;;;
82;b84mwu99;;0;0;9;;;;0;;;0.0;t1;;;;;;;;ib75u6qw;;;;;1;1.0;0.0;Mentors;;;;;;;;;;;82;;0.0;82;t1;;;;1;1;82;;0.0;;;;;1;1;82;;0.0;;;;;;;;;;;;;;;;;;;;;;;;;1;1;82;;0.0;;;;;;;;;1;1;;;;;;;;;;;;;;;;;;;;;;;;;;
83;w7pxe66j;;0;0;9;;;;0;;;0.0;t1;;;;;;;;ib75u6qw;;;;;1;1.0;0.0;Mentors;;;;;;;;;;;83;;0.0;83;t1;;;;1;1;83;;0.0;;;;;1;1;83;;0.0;;;;;;;;;;;;;;;;;;;;;;;;;1;1;83;;0.0;;;;;;;;;1;1;;;;;;;;;;;;;;;;;;;;;;;;;;
84;7fcykpng;;0;0;9;;;;0;;;0.0;t1;;;;;;;;ib75u6qw;;;;;1;1.0;0.0;Mentors;;;;;;;;;;;84;;0.0;84;t1;;;;1;1;84;;0.0;;;;;1;1;84;;0.0;;;;;;;;;;;;;;;;;;;;;;;;;1;1;84;;0.0;;;;;;;;;1;1;;;;;;;;;;;;;;;;;;;;;;;;;;
85;q2d4mcex;;0;0;9;;;;0;;;0.0;t1;;;;;;;;ib75u6qw;;;;;1;1.0;0.0;Mentors;;;;;;;;;;;85;;0.0;85;t1;;;;1;1;85;;0.0;;;;;1;1;85;;0.0;;;;;;;;;;;;;;;;;;;;;;;;;1;1;85;;0.0;;;;;;;;;1;1;;;;;;;;;;;;;;;;;;;;;;;;;;
86;907zqqy7;;0;0;9;;;;0;;;0.0;t1;;;;;;;;ib75u6qw;;;;;1;1.0;0.0;Mentors;;;;;;;;;;;86;;0.0;86;t1;;;;1;1;86;;0.0;;;;;1;1;86;;0.0;;;;;;;;;;;;;;;;;;;;;;;;;1;1;86;;0.0;;;;;;;;;1;1;;;;;;;;;;;;;;;;;;;;;;;;;;
87;pih99s16;;0;0;9;;;;0;;;0.0;t1;;;;;;;;ib75u6qw;;;;;1;1.0;0.0;Mentors;;;;;;;;;;;87;;0.0;87;t1;;;;1;1;87;;0.0;;;;;1;1;87;;0.0;;;;;;;;;;;;;;;;;;;;;;;;;1;1;87;;0.0;;;;;;;;;1;1;;;;;;;;;;;;;;;;;;;;;;;;;;
88;3hc55nrg;;0;0;9;;;;0;;;0.0;t1;;;;;;;;ib75u6qw;;;;;1;1.0;0.0;Mentors;;;;;;;;;;;88;;0.0;88;t1;;;;1;1;88;;0.0;;;;;1;1;88;;0.0;;;;;;;;;;;;;;;;;;;;;;;;;1;1;88;;0.0;;;;;;;;;1;1;;;;;;;;;;;;;;;;;;;;;;;;;;
89;w49qc0xk;;0;0;9;;;;0;;;0.0;t1;;;;;;;;ib75u6qw;;;;;1;1.0;0.0;Mentors;;;;;;;;;;;89;;0.0;89;t1;;;;1;1;89;;0.0;;;;;1;1;89;;0.0;;;;;;;;;;;;;;;;;;;;;;;;;1;1;89;;0.0;;;;;;;;;1;1;;;;;;;;;;;;;;;;;;;;;;;;;;
90;zx6jfteh;;0;0;9;;;;0;;;0.0;t1;;;;;;;;ib75u6qw;;;;;1;1.0;0.0;Mentors;;;;;;;;;;;90;;0.0;90;t1;;;;1;1;90;;0.0;;;;;1;1;90;;0.0;;;;;;;;;;;;;;;;;;;;;;;;;1;1;90;;0.0;;;;;;;;;1;1;;;;;;;;;;;;;;;;;;;;;;;;;;
91;p2a8s2v4;;0;0;9;;;;0;;;0.0;t1;;;;;;;;ib75u6qw;;;;;1;1.0;0.0;Mentors;;;;;;;;;;;91;;0.0;91;t1;;;;1;1;91;;0.0;;;;;1;1;91;;0.0;;;;;;;;;;;;;;;;;;;;;;;;;1;1;91;;0.0;;;;;;;;;1;1;;;;;;;;;;;;;;;;;;;;;;;;;;
92;iw2uhp66;;0;0;9;;;;0;;;0.0;t1;;;;;;;;ib75u6qw;;;;;1;1.0;0.0;Mentors;;;;;;;;;;;92;;0.0;92;t1;;;;1;1;92;;0.0;;;;;1;1;92;;0.0;;;;;;;;;;;;;;;;;;;;;;;;;1;1;92;;0.0;;;;;;;;;1;1;;;;;;;;;;;;;;;;;;;;;;;;;;
93;wtq4527e;;0;0;9;;;;0;;;0.0;t1;;;;;;;;ib75u6qw;;;;;1;1.0;0.0;Mentors;;;;;;;;;;;93;;0.0;93;t1;;;;1;1;93;;0.0;;;;;1;1;93;;0.0;;;;;;;;;;;;;;;;;;;;;;;;;1;1;93;;0.0;;;;;;;;;1;1;;;;;;;;;;;;;;;;;;;;;;;;;;
94;0p5yzvlw;;0;0;9;;;;0;;;0.0;t1;;;;;;;;ib75u6qw;;;;;1;1.0;0.0;Mentors;;;;;;;;;;;94;;0.0;94;t1;;;;1;1;94;;0.0;;;;;1;1;94;;0.0;;;;;;;;;;;;;;;;;;;;;;;;;1;1;94;;0.0;;;;;;;;;1;1;;;;;;;;;;;;;;;;;;;;;;;;;;
95;kd7mei74;;0;0;9;;;;0;;;0.0;t1;;;;;;;;ib75u6qw;;;;;1;1.0;0.0;Mentors;;;;;;;;;;;95;;0.0;95;t1;;;;1;1;95;;0.0;;;;;1;1;95;;0.0;;;;;;;;;;;;;;;;;;;;;;;;;1;1;95;;0.0;;;;;;;;;1;1;;;;;;;;;;;;;;;;;;;;;;;;;;
96;osnpcv4s;;0;0;9;;;;0;;;0.0;t1;;;;;;;;ib75u6qw;;;;;1;1.0;0.0;Mentors;;;;;;;;;;;96;;0.0;96;t1;;;;1;1;96;;0.0;;;;;1;1;96;;0.0;;;;;;;;;;;;;;;;;;;;;;;;;1;1;96;;0.0;;;;;;;;;1;1;;;;;;;;;;;;;;;;;;;;;;;;;;
97;qjjtmyr5;;0;0;9;;;;0;;;0.0;t1;;;;;;;;ib75u6qw;;;;;1;1.0;0.0;Mentors;;;;;;;;;;;97;;0.0;97;t1;;;;1;1;97;;0.0;;;;;1;1;97;;0.0;;;;;;;;;;;;;;;;;;;;;;;;;1;1;97;;0.0;;;;;;;;;1;1;;;;;;;;;;;;;;;;;;;;;;;;;;
98;pqfluxyj;;0;0;9;;;;0;;;0.0;t1;;;;;;;;ib75u6qw;;;;;1;1.0;0.0;Mentors;;;;;;;;;;;98;;0.0;98;t1;;;;1;1;98;;0.0;;;;;1;1;98;;0.0;;;;;;;;;;;;;;;;;;;;;;;;;1;1;98;;0.0;;;;;;;;;1;1;;;;;;;;;;;;;;;;;;;;;;;;;;
99;g7z5wg72;;0;0;9;;;;0;;;0.0;t1;;;;;;;;ib75u6qw;;;;;1;1.0;0.0;Mentors;;;;;;;;;;;99;;0.0;99;t1;;;;1;1;99;;0.0;;;;;1;1;99;;0.0;;;;;;;;;;;;;;;;;;;;;;;;;1;1;99;;0.0;;;;;;;;;1;1;;;;;;;;;;;;;;;;;;;;;;;;;;
100;rprtja9k;;0;0;9;;;;0;;;0.0;t1;;;;;;;;ib75u6qw;;;;;1;1.0;0.0;Mentors;;;;;;;;;;;100;;0.0;100;t1;;;;1;1;100;;0.0;;;;;1;1;100;;0.0;;;;;;;;;;;;;;;;;;;;;;;;;1;1;100;;0.0;;;;;;;;;1;1;;;;;;;;;;;;;;;;;;;;;;;;;;
